1528192808918,3.139e-05
1528192819150,2.915e-05
1528192828517,3e-05
1528192838561,3.127e-05
1528192849154,3.151e-05
1528192858796,3.143e-05
1528192868618,3.12e-05
1528192878981,2.963e-05
1528192888526,3.016e-05
1528192898803,3.036e-05
1528192909613,3.067e-05
1528192918522,3.069e-05
1528192928720,3.099e-05
1528192938536,3.122e-05
1528192948562,3.12e-05
1528192958514,3.139e-05
1528192968513,3.146e-05
1528192978515,3.099e-05
1528192988556,3.13e-05
1528192998520,3.13e-05
1528193008872,3.178e-05
1528193018569,3.26e-05
1528193028528,3.201e-05
1528193038573,3.157e-05
1528193048530,3.196e-05
1528193058527,3.231e-05
1528193068523,3.2e-05
1528193078552,3.154e-05
1528193089017,3.207e-05
1528193098557,3.183e-05
1528193108517,3.205e-05
1528193118522,3.2e-05
1528193128521,3.17e-05
1528193138577,3.19e-05
1528193148519,3.18e-05
1528193158557,3.18e-05
1528193168527,3.168e-05
1528193178548,3.19e-05
1528193188791,3.189e-05
1528193198643,3.201e-05
1528193208542,3.209e-05
1528193219368,3.216e-05
1528193228517,3.22e-05
1528193238627,3.217e-05
1528193248818,3.21e-05
1528193258526,3.214e-05
1528193268519,3.198e-05
1528193278846,3.187e-05
1528193288525,3.199e-05
1528193298540,3.194e-05
1528193309188,3.19e-05
1528193318532,3.194e-05
1528193328528,3.201e-05
1528193339207,3.2e-05
1528193348576,3.2e-05
1528193358539,3.196e-05
1528193368909,3.197e-05
1528193379150,3.18e-05
1528193388536,3.18e-05
1528193398526,3.195e-05
1528193408520,3.182e-05
1528193418518,3.185e-05
1528193428524,3.18e-05
1528193439127,3.177e-05
1528193448551,3.17e-05
1528193458524,3.166e-05
1528193468527,3.169e-05
1528193478509,3.167e-05
1528193488514,3.164e-05
1528193498829,3.107e-05
1528193508521,3.073e-05
1528193518590,3.098e-05
1528193528589,3.113e-05
1528193538516,3.093e-05
1528193548533,3.081e-05
1528193558549,3.043e-05
1528193568555,3.028e-05
1528193578559,3.037e-05
1528193588560,3.054e-05
1528193599092,3.075e-05
1528193608521,3.063e-05
1528193618560,3.034e-05
1528193628575,3.073e-05
1528193638526,3.048e-05
1528193649130,3.041e-05
1528193658526,3.06e-05
1528193668564,3.06e-05
1528193678560,3.062e-05
1528193688523,3.072e-05
1528193698527,3.068e-05
1528193709073,3.071e-05
1528193718593,3.06e-05
1528193728745,3.052e-05
1528193738921,3.046e-05
1528193748515,3.046e-05
1528193758589,3.046e-05
1528193768538,3.04e-05
1528193778543,3.012e-05
1528193788532,3.019e-05
1528193798532,3.001e-05
1528193808533,2.99e-05
1528193818540,2.953e-05
1528193829073,2.98e-05
1528193838570,2.997e-05
1528193848530,2.992e-05
1528193858754,2.969e-05
1528193868554,2.97e-05
1528193878541,2.97e-05
1528193888591,2.978e-05
1528193898544,2.962e-05
1528193908535,2.959e-05
1528193918649,2.946e-05
1528193928549,2.946e-05
1528193938525,2.942e-05
1528193948511,2.941e-05
1528193959378,2.929e-05
1528193968571,2.915e-05
1528193978558,2.911e-05
1528193988548,2.879e-05
1528194000020,2.897e-05
1528194009159,2.913e-05
1528194018570,2.88e-05
1528194028524,2.882e-05
1528194038523,2.865e-05
1528194048528,2.85e-05
1528194058539,2.836e-05
1528194068529,2.811e-05
1528194078538,2.812e-05
1528194090659,2.8e-05
1528194098605,2.8e-05
1528194108535,2.83e-05
1528194118921,2.831e-05
1528194128538,2.849e-05
1528194138585,2.894e-05
1528194148569,2.881e-05
1528194158546,2.88e-05
1528194168535,2.9e-05
1528194178582,2.882e-05
1528194188539,2.841e-05
1528194198515,2.85e-05
1528194208753,2.85e-05
1528194218753,2.853e-05
1528194228560,2.877e-05
1528194238545,2.872e-05
1528194248545,2.906e-05
1528194258528,2.915e-05
1528194268586,2.946e-05
1528194278531,2.94e-05
1528194288522,2.92e-05
1528194298520,2.935e-05
1528194308541,2.934e-05
1528194318888,2.94e-05
1528194328542,2.942e-05
1528194339536,2.949e-05
1528194348516,2.97e-05
1528194358623,2.985e-05
1528194368515,2.972e-05
1528194378528,2.965e-05
1528194388810,2.96e-05
1528194398527,2.961e-05
1528194408537,2.978e-05
1528194418924,2.977e-05
1528194428520,2.96e-05
1528194438562,2.96e-05
1528194450501,2.96e-05
1528194458515,2.96e-05
1528194468520,2.95e-05
1528194479821,2.87e-05
1528194488590,2.879e-05
1528194498513,2.891e-05
1528194508517,2.909e-05
1528194518837,2.891e-05
1528194528525,2.869e-05
1528194538519,2.868e-05
1528194548519,2.869e-05
1528194558526,2.884e-05
1528194568562,2.863e-05
1528194578520,2.867e-05
1528194588529,2.89e-05
1528194598531,2.899e-05
1528194608519,2.92e-05
1528194618540,2.914e-05
1528194628522,2.9e-05
1528194639777,2.885e-05
1528194648525,2.88e-05
1528194658525,2.878e-05
1528194668520,2.865e-05
1528194678881,2.86e-05
1528194688573,2.85e-05
1528194698565,2.86e-05
1528194708780,2.841e-05
1528194718530,2.852e-05
1528194728522,2.86e-05
1528194738544,2.875e-05
1528194748605,2.869e-05
1528194758521,2.875e-05
1528194768524,2.87e-05
1528194778534,2.867e-05
1528194788532,2.865e-05
1528194798521,2.879e-05
1528194808788,2.868e-05
1528194818521,2.88e-05
1528194828602,2.884e-05
1528194838560,2.886e-05
1528194848520,2.884e-05
1528194858530,2.88e-05
1528194868522,2.88e-05
1528194878575,2.871e-05
1528194888526,2.871e-05
1528194898580,2.871e-05
1528194908523,2.871e-05
1528194918516,2.865e-05
1528194928548,2.85e-05
1528194938515,2.85e-05
1528194948555,2.843e-05
1528194958525,2.845e-05
1528194968533,2.84e-05
1528194978522,2.835e-05
1528194988521,2.86e-05
1528195000943,2.861e-05
1528195008532,2.84e-05
1528195018557,2.84e-05
1528195028586,2.834e-05
1528195039224,2.824e-05
1528195048553,2.804e-05
1528195058551,2.779e-05
1528195068562,2.776e-05
1528195078600,2.777e-05
1528195088570,2.75e-05
1528195098571,2.764e-05
1528195108551,2.755e-05
1528195118522,2.767e-05
1528195129809,2.772e-05
1528195138551,2.776e-05
1528195148588,2.765e-05
1528195158613,2.75e-05
1528195168897,2.755e-05
1528195178572,2.765e-05
1528195188539,2.78e-05
1528195198531,2.776e-05
1528195208540,2.776e-05
1528195218511,2.76e-05
1528195228796,2.776e-05
1528195238522,2.782e-05
1528195248527,2.775e-05
1528195258532,2.779e-05
1528195268532,2.773e-05
1528195278510,2.783e-05
1528195289028,2.769e-05
1528195298560,2.775e-05
1528195308562,2.775e-05
1528195318515,2.783e-05
1528195328515,2.769e-05
1528195338562,2.769e-05
1528195348518,2.768e-05
1528195358551,2.765e-05
1528195368529,2.77e-05
1528195378552,2.77e-05
1528195388593,2.77e-05
1528195400660,2.778e-05
1528195408548,2.779e-05
1528195418564,2.779e-05
1528195428563,2.781e-05
1528195438560,2.78e-05
1528195448540,2.793e-05
1528195458966,2.8e-05
1528195468519,2.82e-05
1528195478532,2.83e-05
1528195488841,2.839e-05
1528195498531,2.824e-05
1528195508546,2.802e-05
1528195519893,2.801e-05
1528195528917,2.784e-05
1528195538518,2.83e-05
1528195549058,2.829e-05
1528195558539,2.836e-05
1528195569765,2.829e-05
1528195578958,2.817e-05
1528195588512,2.812e-05
1528195598531,2.82e-05
1528195608543,2.82e-05
1528195618521,2.811e-05
1528195628529,2.803e-05
1528195639084,2.8e-05
1528195648557,2.815e-05
1528195658543,2.815e-05
1528195668850,2.815e-05
1528195678519,2.803e-05
1528195688573,2.762e-05
1528195698525,2.772e-05
1528195708516,2.778e-05
1528195718695,2.779e-05
1528195728513,2.777e-05
1528195738537,2.778e-05
1528195748515,2.78e-05
1528195759152,2.786e-05
1528195768520,2.783e-05
1528195778522,2.786e-05
1528195788528,2.788e-05
1528195798530,2.792e-05
1528195808537,2.793e-05
1528195818910,2.809e-05
1528195828527,2.808e-05
1528195838525,2.813e-05
1528195848528,2.814e-05
1528195858570,2.813e-05
1528195868529,2.815e-05
1528195878526,2.813e-05
1528195888823,2.82e-05
1528195898523,2.816e-05
1528195908519,2.818e-05
1528195918526,2.816e-05
1528195928528,2.803e-05
1528195938573,2.803e-05
1528195948515,2.803e-05
1528195958649,2.807e-05
1528195968524,2.816e-05
1528195978600,2.811e-05
1528195988534,2.81e-05
1528195998608,2.815e-05
1528196008531,2.816e-05
1528196018522,2.825e-05
1528196028521,2.834e-05
1528196038592,2.845e-05
1528196048524,2.833e-05
1528196058523,2.841e-05
1528196068520,2.845e-05
1528196082886,2.844e-05
1528196088538,2.844e-05
1528196098530,2.84e-05
1528196108543,2.84e-05
1528196118886,2.838e-05
1528196128866,2.813e-05
1528196138558,2.832e-05
1528196148512,2.826e-05
1528196158522,2.827e-05
1528196168542,2.825e-05
1528196178563,2.822e-05
1528196188522,2.826e-05
1528196198541,2.817e-05
1528196208532,2.821e-05
1528196218536,2.825e-05
1528196228523,2.831e-05
1528196238561,2.823e-05
1528196248885,2.822e-05
1528196258562,2.832e-05
1528196268582,2.828e-05
1528196278550,2.816e-05
1528196288539,2.822e-05
1528196298528,2.799e-05
1528196308568,2.782e-05
1528196318548,2.775e-05
1528196328534,2.78e-05
1528196338581,2.792e-05
1528196348542,2.791e-05
1528196358536,2.787e-05
1528196368554,2.781e-05
1528196378682,2.795e-05
1528196388532,2.797e-05
1528196398551,2.797e-05
1528196408550,2.8e-05
1528196418547,2.799e-05
1528196428554,2.792e-05
1528196446946,2.79e-05
1528196448516,2.79e-05
1528196458518,2.789e-05
1528196468827,2.784e-05
1528196478938,2.766e-05
1528196488556,2.78e-05
1528196498545,2.78e-05
1528196508523,2.779e-05
1528196518572,2.772e-05
1528196528522,2.777e-05
1528196538529,2.78e-05
1528196548549,2.784e-05
1528196558587,2.778e-05
1528196568541,2.784e-05
1528196578519,2.774e-05
1528196588526,2.76e-05
1528196598520,2.757e-05
1528196609982,2.745e-05
1528196618539,2.747e-05
1528196628537,2.75e-05
1528196638699,2.753e-05
1528196648544,2.759e-05
1528196658587,2.749e-05
1528196668515,2.759e-05
1528196678556,2.751e-05
1528196688528,2.751e-05
1528196698557,2.74e-05
1528196708598,2.732e-05
1528196718519,2.732e-05
1528196728522,2.732e-05
1528196738546,2.737e-05
1528196748535,2.745e-05
1528196759332,2.753e-05
1528196768524,2.751e-05
1528196778528,2.741e-05
1528196788560,2.757e-05
1528196798686,2.757e-05
1528196808530,2.766e-05
1528196818522,2.774e-05
1528196828549,2.772e-05
1528196838977,2.775e-05
1528196848521,2.768e-05
1528196858527,2.767e-05
1528196868527,2.773e-05
1528196878526,2.755e-05
1528196888517,2.763e-05
1528196898518,2.763e-05
1528196908526,2.763e-05
1528196918568,2.765e-05
1528196928574,2.767e-05
1528196938529,2.771e-05
1528196948590,2.779e-05
1528196958525,2.771e-05
1528196968915,2.771e-05
1528196978555,2.775e-05
1528196988526,2.776e-05
1528196998530,2.776e-05
1528197008522,2.79e-05
1528197018520,2.788e-05
1528197028537,2.791e-05
1528197038525,2.772e-05
1528197048573,2.781e-05
1528197058540,2.78e-05
1528197068536,2.781e-05
1528197078532,2.791e-05
1528197088558,2.777e-05
1528197099024,2.777e-05
1528197108532,2.778e-05
1528197118532,2.778e-05
1528197128534,2.79e-05
1528197138525,2.788e-05
1528197148524,2.788e-05
1528197160002,2.78e-05
1528197168530,2.778e-05
1528197178545,2.779e-05
1528197188524,2.778e-05
1528197198966,2.776e-05
1528197208525,2.773e-05
1528197218564,2.773e-05
1528197228524,2.77e-05
1528197238564,2.765e-05
1528197248593,2.765e-05
1528197258534,2.773e-05
1528197268526,2.775e-05
1528197278529,2.775e-05
1528197288520,2.775e-05
1528197298522,2.776e-05
1528197308569,2.767e-05
1528197318517,2.775e-05
1528197328779,2.774e-05
1528197338517,2.77e-05
1528197348513,2.769e-05
1528197358527,2.768e-05
1528197368509,2.769e-05
1528197378528,2.768e-05
1528197388571,2.761e-05
1528197399568,2.769e-05
1528197408531,2.761e-05
1528197418523,2.77e-05
1528197428513,2.77e-05
1528197438525,2.762e-05
1528197448547,2.762e-05
1528197458602,2.754e-05
1528197468543,2.753e-05
1528197478545,2.751e-05
1528197488552,2.762e-05
1528197498730,2.757e-05
1528197508521,2.758e-05
1528197518561,2.764e-05
1528197528572,2.767e-05
1528197538542,2.765e-05
1528197549769,2.775e-05
1528197561365,2.775e-05
1528197568594,2.776e-05
1528197578525,2.775e-05
1528197588662,2.775e-05
1528197598572,2.775e-05
1528197608514,2.78e-05
1528197618549,2.78e-05
1528197628588,2.779e-05
1528197638519,2.78e-05
1528197648542,2.78e-05
1528197658574,2.779e-05
1528197668564,2.779e-05
1528197678547,2.778e-05
1528197689401,2.778e-05
1528197698591,2.778e-05
1528197708547,2.778e-05
1528197718576,2.778e-05
1528197728545,2.778e-05
1528197739727,2.775e-05
1528197748594,2.778e-05
1528197758521,2.78e-05
1528197768523,2.784e-05
1528197778544,2.792e-05
1528197788588,2.8e-05
1528197798624,2.796e-05
1528197808516,2.798e-05
1528197819623,2.797e-05
1528197828619,2.798e-05
1528197838597,2.798e-05
1528197848556,2.798e-05
1528197858539,2.782e-05
1528197868594,2.779e-05
1528197879174,2.783e-05
1528197888599,2.783e-05
1528197898674,2.783e-05
1528197908537,2.784e-05
1528197919176,2.79e-05
1528197928534,2.792e-05
1528197938579,2.792e-05
1528197949573,2.794e-05
1528197958555,2.794e-05
1528197968635,2.794e-05
1528197978524,2.794e-05
1528197988569,2.796e-05
1528197998521,2.801e-05
1528198008519,2.8e-05
1528198018525,2.802e-05
1528198028539,2.81e-05
1528198038526,2.82e-05
1528198049008,2.826e-05
1528198058517,2.829e-05
1528198068553,2.825e-05
1528198078527,2.825e-05
1528198088529,2.826e-05
1528198098603,2.842e-05
1528198108513,2.845e-05
1528198118527,2.84e-05
1528198128517,2.84e-05
1528198138542,2.84e-05
1528198148564,2.85e-05
1528198158525,2.85e-05
1528198168518,2.856e-05
1528198178518,2.864e-05
1528198188571,2.92e-05
1528198198825,2.906e-05
1528198208528,2.883e-05
1528198218579,2.895e-05
1528198228534,2.896e-05
1528198239015,2.889e-05
1528198248523,2.882e-05
1528198258531,2.882e-05
1528198268525,2.863e-05
1528198278920,2.889e-05
1528198288521,2.889e-05
1528198298525,2.868e-05
1528198308552,2.87e-05
1528198318578,2.86e-05
1528198328515,2.86e-05
1528198338521,2.852e-05
1528198348523,2.851e-05
1528198358524,2.862e-05
1528198368558,2.862e-05
1528198378530,2.841e-05
1528198388580,2.853e-05
1528198398539,2.85e-05
1528198408802,2.832e-05
1528198418549,2.828e-05
1528198428550,2.829e-05
1528198438526,2.829e-05
1528198448530,2.83e-05
1528198458530,2.85e-05
1528198468539,2.86e-05
1528198478566,2.854e-05
1528198488534,2.854e-05
1528198498575,2.85e-05
1528198508533,2.854e-05
1528198518530,2.854e-05
1528198528524,2.841e-05
1528198538550,2.838e-05
1528198548536,2.855e-05
1528198558584,2.856e-05
1528198568524,2.856e-05
1528198578522,2.858e-05
1528198589036,2.856e-05
1528198598743,2.862e-05
1528198608591,2.869e-05
1528198618526,2.872e-05
1528198628517,2.883e-05
1528198638844,2.879e-05
1528198648541,2.873e-05
1528198658530,2.869e-05
1528198668560,2.879e-05
1528198678530,2.869e-05
1528198688613,2.872e-05
1528198698526,2.87e-05
1528198708523,2.87e-05
1528198718541,2.869e-05
1528198728534,2.865e-05
1528198738592,2.868e-05
1528198748513,2.865e-05
1528198758527,2.85e-05
1528198768995,2.84e-05
1528198778538,2.85e-05
1528198788522,2.853e-05
1528198798540,2.853e-05
1528198808524,2.843e-05
1528198818610,2.862e-05
1528198828554,2.853e-05
1528198838554,2.853e-05
1528198848567,2.846e-05
1528198858542,2.84e-05
1528198868584,2.84e-05
1528198878562,2.84e-05
1528198888529,2.852e-05
1528198898536,2.843e-05
1528198908616,2.837e-05
1528198918606,2.851e-05
1528198928539,2.847e-05
1528198938558,2.837e-05
1528198948555,2.841e-05
1528198958894,2.841e-05
1528198968523,2.83e-05
1528198978516,2.825e-05
1528198988533,2.826e-05
1528198999052,2.826e-05
1528199008517,2.825e-05
1528199018523,2.826e-05
1528199028571,2.825e-05
1528199039544,2.83e-05
1528199048594,2.83e-05
1528199058511,2.83e-05
1528199068516,2.83e-05
1528199078573,2.832e-05
1528199088522,2.827e-05
1528199098846,2.828e-05
1528199108774,2.829e-05
1528199118534,2.831e-05
1528199129497,2.839e-05
1528199138817,2.846e-05
1528199148649,2.846e-05
1528199158534,2.823e-05
1528199168527,2.816e-05
1528199178526,2.827e-05
1528199188525,2.832e-05
1528199198539,2.816e-05
1528199208535,2.822e-05
1528199219531,2.835e-05
1528199228577,2.835e-05
1528199238542,2.838e-05
1528199248579,2.821e-05
1528199258550,2.821e-05
1528199268517,2.844e-05
1528199278575,2.844e-05
1528199288612,2.831e-05
1528199298532,2.841e-05
1528199308548,2.841e-05
1528199318699,2.83e-05
1528199328616,2.83e-05
1528199338562,2.83e-05
1528199348557,2.83e-05
1528199358821,2.83e-05
1528199368537,2.83e-05
1528199378540,2.829e-05
1528199388549,2.836e-05
1528199398541,2.825e-05
1528199408567,2.825e-05
1528199418562,2.815e-05
1528199428535,2.809e-05
1528199438549,2.795e-05
1528199448550,2.8e-05
1528199458550,2.803e-05
1528199468548,2.801e-05
1528199478572,2.8e-05
1528199488822,2.8e-05
1528199498533,2.784e-05
1528199508538,2.784e-05
1528199518558,2.784e-05
1528199528526,2.791e-05
1528199538526,2.782e-05
1528199548547,2.77e-05
1528199558568,2.805e-05
1528199568546,2.793e-05
1528199578534,2.789e-05
1528199588572,2.79e-05
1528199598605,2.791e-05
1528199608543,2.782e-05
1528199618542,2.766e-05
1528199628582,2.773e-05
1528199638527,2.801e-05
1528199648521,2.798e-05
1528199658550,2.785e-05
1528199668530,2.798e-05
1528199678628,2.796e-05
1528199688541,2.789e-05
1528199698525,2.797e-05
1528199708561,2.793e-05
1528199718826,2.791e-05
1528199728554,2.772e-05
1528199738523,2.772e-05
1528199748523,2.773e-05
1528199758573,2.772e-05
1528199768519,2.767e-05
1528199778527,2.762e-05
1528199788543,2.747e-05
1528199798548,2.749e-05
1528199808533,2.731e-05
1528199818568,2.729e-05
1528199828530,2.693e-05
1528199838584,2.7e-05
1528199848885,2.71e-05
1528199858540,2.7e-05
1528199868551,2.686e-05
1528199878529,2.689e-05
1528199888598,2.699e-05
1528199898521,2.714e-05
1528199908523,2.714e-05
1528199918527,2.697e-05
1528199928534,2.709e-05
1528199938527,2.709e-05
1528199948527,2.712e-05
1528199958536,2.714e-05
1528199968563,2.71e-05
1528199978564,2.706e-05
1528199988535,2.709e-05
1528199998528,2.706e-05
1528200008553,2.71e-05
1528200018566,2.71e-05
1528200028564,2.716e-05
1528200039106,2.714e-05
1528200048577,2.715e-05
1528200058588,2.714e-05
1528200068568,2.713e-05
1528200078918,2.719e-05
1528200088581,2.719e-05
1528200098619,2.72e-05
1528200108580,2.72e-05
1528200118673,2.723e-05
1528200128553,2.717e-05
1528200138577,2.717e-05
1528200148617,2.717e-05
1528200158519,2.712e-05
1528200168594,2.717e-05
1528200178599,2.714e-05
1528200188800,2.715e-05
1528200198542,2.712e-05
1528200208866,2.715e-05
1528200218522,2.716e-05
1528200228523,2.719e-05
1528200238584,2.722e-05
1528200248518,2.725e-05
1528200258545,2.734e-05
1528200268546,2.732e-05
1528200278559,2.729e-05
1528200288555,2.733e-05
1528200298541,2.74e-05
1528200308527,2.734e-05
1528200318532,2.745e-05
1528200328530,2.743e-05
1528200338527,2.75e-05
1528200348530,2.763e-05
1528200358552,2.777e-05
1528200368547,2.771e-05
1528200378549,2.775e-05
1528200388531,2.762e-05
1528200398726,2.764e-05
1528200408548,2.762e-05
1528200419584,2.762e-05
1528200428541,2.764e-05
1528200438871,2.764e-05
1528200448527,2.765e-05
1528200458624,2.768e-05
1528200468529,2.767e-05
1528200478584,2.77e-05
1528200488535,2.77e-05
1528200498528,2.773e-05
1528200508520,2.771e-05
1528200518516,2.775e-05
1528200528534,2.779e-05
1528200538516,2.782e-05
1528200548536,2.775e-05
1528200558571,2.77e-05
1528200568754,2.77e-05
1528200578512,2.77e-05
1528200588579,2.764e-05
1528200598520,2.755e-05
1528200608575,2.75e-05
1528200618536,2.754e-05
1528200628529,2.755e-05
1528200638534,2.765e-05
1528200648531,2.75e-05
1528200658531,2.744e-05
1528200668521,2.749e-05
1528200678521,2.747e-05
1528200688574,2.743e-05
1528200698537,2.729e-05
1528200708532,2.721e-05
1528200718565,2.72e-05
1528200728539,2.724e-05
1528200738525,2.719e-05
1528200748525,2.725e-05
1528200758689,2.73e-05
1528200768529,2.729e-05
1528200778515,2.726e-05
1528200789551,2.725e-05
1528200798882,2.721e-05
1528200808583,2.722e-05
1528200818544,2.726e-05
1528200828542,2.721e-05
1528200838527,2.722e-05
1528200848544,2.722e-05
1528200858551,2.721e-05
1528200868564,2.723e-05
1528200879579,2.723e-05
1528200888583,2.726e-05
1528200898536,2.723e-05
1528200908596,2.73e-05
1528200918541,2.722e-05
1528200928771,2.722e-05
1528200938597,2.722e-05
1528200948600,2.721e-05
1528200958589,2.714e-05
1528200968530,2.713e-05
1528200978528,2.713e-05
1528200988850,2.714e-05
1528200998567,2.724e-05
1528201008561,2.724e-05
1528201018526,2.725e-05
1528201028525,2.716e-05
1528201038569,2.717e-05
1528201048530,2.718e-05
1528201058602,2.718e-05
1528201068531,2.718e-05
1528201078530,2.719e-05
1528201088597,2.72e-05
1528201098527,2.721e-05
1528201108543,2.721e-05
1528201118837,2.721e-05
1528201128533,2.719e-05
1528201138552,2.719e-05
1528201148547,2.72e-05
1528201159037,2.719e-05
1528201168581,2.719e-05
1528201178513,2.724e-05
1528201188544,2.728e-05
1528201198542,2.722e-05
1528201208543,2.726e-05
1528201218553,2.727e-05
1528201228522,2.723e-05
1528201238525,2.722e-05
1528201248515,2.724e-05
1528201258534,2.725e-05
1528201268600,2.725e-05
1528201278769,2.725e-05
1528201288842,2.725e-05
1528201298619,2.727e-05
1528201308765,2.727e-05
1528201318531,2.726e-05
1528201328586,2.727e-05
1528201338971,2.729e-05
1528201348587,2.739e-05
1528201358529,2.73e-05
1528201368548,2.732e-05
1528201378523,2.731e-05
1528201388541,2.73e-05
1528201398539,2.73e-05
1528201408536,2.731e-05
1528201418563,2.731e-05
1528201428572,2.733e-05
1528201438542,2.733e-05
1528201448533,2.731e-05
1528201458586,2.732e-05
1528201468525,2.735e-05
1528201479053,2.741e-05
1528201488593,2.735e-05
1528201498543,2.733e-05
1528201508569,2.733e-05
1528201518895,2.749e-05
1528201528553,2.734e-05
1528201538561,2.741e-05
1528201548525,2.735e-05
1528201558604,2.736e-05
1528201568591,2.737e-05
1528201578564,2.735e-05
1528201588595,2.736e-05
1528201598533,2.736e-05
1528201608583,2.713e-05
1528201618531,2.713e-05
1528201628911,2.701e-05
1528201638542,2.701e-05
1528201648915,2.698e-05
1528201658614,2.696e-05
1528201668538,2.708e-05
1528201678581,2.698e-05
1528201688527,2.698e-05
1528201699832,2.709e-05
1528201708519,2.701e-05
1528201718528,2.712e-05
1528201728603,2.702e-05
1528201738527,2.702e-05
1528201748571,2.708e-05
1528201758515,2.702e-05
1528201768610,2.702e-05
1528201778538,2.705e-05
1528201788537,2.703e-05
1528201798517,2.704e-05
1528201808537,2.704e-05
1528201818517,2.704e-05
1528201828564,2.703e-05
1528201838761,2.703e-05
1528201848532,2.708e-05
1528201858530,2.703e-05
1528201868535,2.703e-05
1528201878879,2.7e-05
1528201888536,2.697e-05
1528201898570,2.686e-05
1528201908518,2.684e-05
1528201918515,2.681e-05
1528201928564,2.686e-05
1528201938516,2.682e-05
1528201948570,2.691e-05
1528201958576,2.681e-05
1528201968516,2.676e-05
1528201978525,2.675e-05
1528201988525,2.673e-05
1528201998524,2.665e-05
1528202008780,2.663e-05
1528202018543,2.662e-05
1528202028546,2.667e-05
1528202038539,2.679e-05
1528202048552,2.686e-05
1528202058550,2.684e-05
1528202068528,2.695e-05
1528202078540,2.682e-05
1528202088534,2.683e-05
1528202098566,2.695e-05
1528202108540,2.685e-05
1528202118525,2.683e-05
1528202128572,2.683e-05
1528202138563,2.676e-05
1528202148565,2.676e-05
1528202158522,2.668e-05
1528202168595,2.666e-05
1528202178570,2.669e-05
1528202188589,2.666e-05
1528202198655,2.671e-05
1528202208627,2.671e-05
1528202218852,2.674e-05
1528202228583,2.671e-05
1528202238807,2.671e-05
1528202248529,2.671e-05
1528202258546,2.677e-05
1528202268539,2.677e-05
1528202278589,2.673e-05
1528202288524,2.684e-05
1528202298523,2.684e-05
1528202308546,2.674e-05
1528202318539,2.684e-05
1528202328521,2.675e-05
1528202338567,2.675e-05
1528202348547,2.679e-05
1528202358545,2.675e-05
1528202368777,2.676e-05
1528202378552,2.675e-05
1528202388519,2.675e-05
1528202398576,2.674e-05
1528202408610,2.673e-05
1528202418663,2.67e-05
1528202429583,2.669e-05
1528202438528,2.667e-05
1528202448537,2.667e-05
1528202458543,2.667e-05
1528202468535,2.669e-05
1528202478532,2.669e-05
1528202488581,2.67e-05
1528202498544,2.668e-05
1528202508550,2.668e-05
1528202518547,2.671e-05
1528202528549,2.67e-05
1528202538592,2.67e-05
1528202548564,2.675e-05
1528202559007,2.671e-05
1528202568548,2.681e-05
1528202578599,2.675e-05
1528202588538,2.681e-05
1528202599604,2.682e-05
1528202608562,2.693e-05
1528202618525,2.699e-05
1528202628519,2.702e-05
1528202638603,2.696e-05
1528202648535,2.699e-05
1528202658523,2.708e-05
1528202668603,2.699e-05
1528202678553,2.695e-05
1528202688526,2.681e-05
1528202698528,2.683e-05
1528202708540,2.69e-05
1528202718564,2.694e-05
1528202728971,2.691e-05
1528202738554,2.698e-05
1528202748639,2.681e-05
1528202758553,2.683e-05
1528202768510,2.686e-05
1528202778935,2.684e-05
1528202788543,2.684e-05
1528202798622,2.686e-05
1528202808545,2.7e-05
1528202818556,2.69e-05
1528202828534,2.688e-05
1528202838521,2.685e-05
1528202848517,2.684e-05
1528202858581,2.684e-05
1528202868553,2.684e-05
1528202878538,2.684e-05
1528202888549,2.684e-05
1528202898536,2.684e-05
1528202908560,2.677e-05
1528202918766,2.671e-05
1528202928588,2.678e-05
1528202938525,2.677e-05
1528202948522,2.677e-05
1528202959406,2.677e-05
1528202968599,2.677e-05
1528202978527,2.678e-05
1528202988535,2.677e-05
1528202998522,2.677e-05
1528203008552,2.672e-05
1528203018555,2.672e-05
1528203028518,2.678e-05
1528203038511,2.688e-05
1528203048595,2.68e-05
1528203058568,2.681e-05
1528203068530,2.681e-05
1528203078522,2.681e-05
1528203088800,2.677e-05
1528203098514,2.677e-05
1528203108583,2.677e-05
1528203118556,2.67e-05
1528203128524,2.671e-05
1528203138531,2.671e-05
1528203148530,2.673e-05
1528203158569,2.674e-05
1528203168542,2.674e-05
1528203178575,2.672e-05
1528203188557,2.672e-05
1528203198511,2.672e-05
1528203208540,2.672e-05
1528203220141,2.672e-05
1528203228554,2.682e-05
1528203238549,2.675e-05
1528203248523,2.674e-05
1528203258571,2.679e-05
1528203268524,2.679e-05
1528203278813,2.68e-05
1528203288571,2.682e-05
1528203298571,2.679e-05
1528203308518,2.679e-05
1528203318846,2.693e-05
1528203328518,2.693e-05
1528203338530,2.694e-05
1528203348506,2.709e-05
1528203358560,2.705e-05
1528203368522,2.705e-05
1528203378555,2.705e-05
1528203388539,2.693e-05
1528203398551,2.698e-05
1528203408541,2.706e-05
1528203418573,2.693e-05
1528203428535,2.694e-05
1528203438540,2.694e-05
1528203448878,2.695e-05
1528203459575,2.683e-05
1528203468580,2.692e-05
1528203478565,2.685e-05
1528203488508,2.685e-05
1528203498549,2.685e-05
1528203508593,2.686e-05
1528203518508,2.688e-05
1528203528520,2.701e-05
1528203538533,2.69e-05
1528203548545,2.697e-05
1528203558552,2.7e-05
1528203568572,2.702e-05
1528203578535,2.696e-05
1528203588510,2.7e-05
1528203598572,2.691e-05
1528203608601,2.691e-05
1528203618527,2.703e-05
1528203628553,2.706e-05
1528203638720,2.697e-05
1528203648527,2.708e-05
1528203658566,2.706e-05
1528203668604,2.706e-05
1528203679008,2.703e-05
1528203688537,2.697e-05
1528203698521,2.697e-05
1528203708529,2.696e-05
1528203718529,2.695e-05
1528203728527,2.69e-05
1528203738552,2.7e-05
1528203748526,2.703e-05
1528203758607,2.7e-05
1528203768650,2.694e-05
1528203778538,2.694e-05
1528203788586,2.694e-05
1528203798542,2.694e-05
1528203809483,2.694e-05
1528203818573,2.703e-05
1528203828522,2.697e-05
1528203838576,2.694e-05
1528203848591,2.703e-05
1528203858538,2.703e-05
1528203868606,2.703e-05
1528203878581,2.703e-05
1528203888559,2.704e-05
1528203898559,2.703e-05
1528203908594,2.703e-05
1528203918553,2.704e-05
1528203928540,2.703e-05
1528203938557,2.703e-05
1528203948575,2.7e-05
1528203958782,2.7e-05
1528203968550,2.699e-05
1528203978550,2.698e-05
1528203989586,2.698e-05
1528203998627,2.698e-05
1528204008553,2.698e-05
1528204020223,2.695e-05
1528204028835,2.695e-05
1528204039534,2.694e-05
1528204048562,2.685e-05
1528204058585,2.685e-05
1528204068528,2.683e-05
1528204079553,2.683e-05
1528204088538,2.68e-05
1528204098535,2.681e-05
1528204108632,2.673e-05
1528204118545,2.676e-05
1528204128543,2.673e-05
1528204138520,2.679e-05
1528204148516,2.673e-05
1528204158581,2.673e-05
1528204168801,2.674e-05
1528204178620,2.687e-05
1528204188584,2.689e-05
1528204198667,2.69e-05
1528204208569,2.683e-05
1528204218603,2.683e-05
1528204228586,2.679e-05
1528204238637,2.675e-05
1528204248536,2.681e-05
1528204258531,2.675e-05
1528204268553,2.681e-05
1528204278522,2.675e-05
1528204288525,2.681e-05
1528204298575,2.674e-05
1528204308627,2.674e-05
1528204318719,2.67e-05
1528204328566,2.674e-05
1528204338572,2.667e-05
1528204348589,2.661e-05
1528204358722,2.661e-05
1528204368558,2.655e-05
1528204378564,2.662e-05
1528204388527,2.655e-05
1528204398996,2.654e-05
1528204408780,2.65e-05
1528204418603,2.645e-05
1528204428644,2.645e-05
1528204439554,2.641e-05
1528204448542,2.638e-05
1528204458543,2.645e-05
1528204468605,2.643e-05
1528204478590,2.645e-05
1528204488535,2.646e-05
1528204498537,2.646e-05
1528204508511,2.653e-05
1528204518564,2.642e-05
1528204528898,2.642e-05
1528204538654,2.658e-05
1528204548715,2.652e-05
1528204558561,2.66e-05
1528204568522,2.665e-05
1528204578525,2.655e-05
1528204588620,2.665e-05
1528204598596,2.664e-05
1528204608607,2.656e-05
1528204618601,2.656e-05
1528204628583,2.656e-05
1528204638530,2.656e-05
1528204648530,2.664e-05
1528204658530,2.664e-05
1528204668602,2.656e-05
1528204678892,2.664e-05
1528204688666,2.664e-05
1528204698608,2.664e-05
1528204708530,2.659e-05
1528204718829,2.66e-05
1528204728684,2.661e-05
1528204738612,2.663e-05
1528204748661,2.662e-05
1528204760254,2.662e-05
1528204768584,2.662e-05
1528204778700,2.665e-05
1528204788606,2.663e-05
1528204798586,2.662e-05
1528204808614,2.658e-05
1528204818600,2.661e-05
1528204828598,2.657e-05
1528204838584,2.657e-05
1528204848610,2.655e-05
1528204858683,2.652e-05
1528204868587,2.649e-05
1528204878587,2.66e-05
1528204888938,2.65e-05
1528204898592,2.65e-05
1528204908599,2.651e-05
1528204918601,2.649e-05
1528204928605,2.65e-05
1528204938687,2.649e-05
1528204948598,2.649e-05
1528204958603,2.649e-05
1528204969006,2.65e-05
1528204978644,2.65e-05
1528204988661,2.642e-05
1528204998599,2.643e-05
1528205008605,2.643e-05
1528205018626,2.642e-05
1528205028620,2.647e-05
1528205038554,2.644e-05
1528205048591,2.642e-05
1528205058601,2.642e-05
1528205068620,2.64e-05
1528205078634,2.642e-05
1528205088602,2.642e-05
1528205098621,2.644e-05
1528205108623,2.643e-05
1528205120897,2.645e-05
1528205128635,2.637e-05
1528205138551,2.637e-05
1528205148564,2.647e-05
1528205158648,2.666e-05
1528205168624,2.646e-05
1528205178541,2.658e-05
1528205188546,2.648e-05
1528205198525,2.65e-05
1528205208556,2.651e-05
1528205218550,2.657e-05
1528205228526,2.65e-05
1528205238514,2.647e-05
1528205249096,2.646e-05
1528205258531,2.646e-05
1528205268549,2.648e-05
1528205278558,2.648e-05
1528205288550,2.654e-05
1528205298546,2.651e-05
1528205308606,2.646e-05
1528205318927,2.651e-05
1528205328547,2.646e-05
1528205338635,2.646e-05
1528205348568,2.647e-05
1528205359022,2.646e-05
1528205368559,2.646e-05
1528205378868,2.646e-05
1528205389056,2.656e-05
1528205398592,2.647e-05
1528205408925,2.648e-05
1528205418598,2.647e-05
1528205428583,2.647e-05
1528205439888,2.648e-05
1528205448652,2.655e-05
1528205458515,2.659e-05
1528205468558,2.668e-05
1528205479097,2.677e-05
1528205488600,2.677e-05
1528205498544,2.69e-05
1528205508510,2.671e-05
1528205518597,2.677e-05
1528205528591,2.678e-05
1528205538534,2.676e-05
1528205548525,2.677e-05
1528205558536,2.674e-05
1528205568570,2.673e-05
1528205578656,2.675e-05
1528205588748,2.677e-05
1528205598598,2.685e-05
1528205608861,2.684e-05
1528205618577,2.688e-05
1528205628589,2.688e-05
1528205638584,2.69e-05
1528205648557,2.689e-05
1528205658537,2.681e-05
1528205668551,2.689e-05
1528205678562,2.695e-05
1528205688525,2.694e-05
1528205698538,2.692e-05
1528205708584,2.7e-05
1528205718527,2.692e-05
1528205728557,2.684e-05
1528205738532,2.69e-05
1528205748599,2.692e-05
1528205758585,2.684e-05
1528205768525,2.69e-05
1528205778521,2.7e-05
1528205788534,2.705e-05
1528205798894,2.7e-05
1528205808518,2.685e-05
1528205818539,2.686e-05
1528205828587,2.688e-05
1528205838928,2.693e-05
1528205848546,2.691e-05
1528205858572,2.695e-05
1528205868537,2.699e-05
1528205878540,2.703e-05
1528205888523,2.695e-05
1528205898532,2.697e-05
1528205908562,2.696e-05
1528205918577,2.699e-05
1528205928528,2.704e-05
1528205938593,2.703e-05
1528205948582,2.703e-05
1528205958612,2.704e-05
1528205969061,2.705e-05
1528205978943,2.714e-05
1528205988528,2.723e-05
1528205998601,2.715e-05
1528206008519,2.724e-05
1528206018533,2.735e-05
1528206028627,2.717e-05
1528206038519,2.717e-05
1528206048537,2.725e-05
1528206058530,2.721e-05
1528206068561,2.72e-05
1528206078520,2.725e-05
1528206088531,2.721e-05
1528206098542,2.734e-05
1528206108631,2.727e-05
1528206118556,2.729e-05
1528206128602,2.74e-05
1528206138557,2.745e-05
1528206148537,2.75e-05
1528206158988,2.754e-05
1528206169664,2.749e-05
1528206178533,2.744e-05
1528206188581,2.745e-05
1528206198886,2.749e-05
1528206208682,2.753e-05
1528206218647,2.754e-05
1528206228527,2.754e-05
1528206238540,2.749e-05
1528206248606,2.716e-05
1528206258613,2.721e-05
1528206268576,2.725e-05
1528206279164,2.73e-05
1528206288545,2.733e-05
1528206298570,2.73e-05
1528206308532,2.73e-05
1528206318589,2.734e-05
1528206328888,2.726e-05
1528206338584,2.72e-05
1528206348539,2.715e-05
1528206358538,2.702e-05
1528206368534,2.703e-05
1528206378700,2.703e-05
1528206388684,2.704e-05
1528206398538,2.748e-05
1528206408539,2.747e-05
1528206418960,2.731e-05
1528206428680,2.73e-05
1528206438539,2.738e-05
1528206448536,2.743e-05
1528206458572,2.745e-05
1528206468593,2.73e-05
1528206478547,2.725e-05
1528206488528,2.716e-05
1528206499589,2.72e-05
1528206508722,2.713e-05
1528206518873,2.72e-05
1528206528522,2.72e-05
1528206538570,2.717e-05
1528206548995,2.716e-05
1528206558772,2.708e-05
1528206568563,2.708e-05
1528206578637,2.706e-05
1528206588563,2.704e-05
1528206598532,2.7e-05
1528206608538,2.689e-05
1528206618542,2.686e-05
1528206628830,2.696e-05
1528206638917,2.711e-05
1528206649947,2.691e-05
1528206659007,2.692e-05
1528206668715,2.696e-05
1528206678576,2.7e-05
1528206689857,2.7e-05
1528206698552,2.705e-05
1528206708609,2.705e-05
1528206718630,2.707e-05
1528206728609,2.711e-05
1528206739827,2.712e-05
1528206748660,2.717e-05
1528206758539,2.725e-05
1528206768602,2.712e-05
1528206778569,2.724e-05
1528206788636,2.714e-05
1528206798597,2.713e-05
1528206809157,2.72e-05
1528206818577,2.712e-05
1528206828648,2.69e-05
1528206838627,2.694e-05
1528206848698,2.685e-05
1528206858664,2.681e-05
1528206869056,2.677e-05
1528206878893,2.681e-05
1528206888613,2.677e-05
1528206898529,2.68e-05
1528206908608,2.681e-05
1528206918908,2.681e-05
1528206928603,2.679e-05
1528206938606,2.673e-05
1528206948633,2.666e-05
1528206958547,2.663e-05
1528206968619,2.668e-05
1528206978597,2.674e-05
1528206988787,2.677e-05
1528206998670,2.672e-05
1528207008665,2.67e-05
1528207018656,2.67e-05
1528207028722,2.669e-05
1528207038679,2.67e-05
1528207049101,2.669e-05
1528207058632,2.667e-05
1528207068662,2.665e-05
1528207080110,2.66e-05
1528207088707,2.66e-05
1528207098598,2.659e-05
1528207108625,2.659e-05
1528207118534,2.66e-05
1528207128626,2.667e-05
1528207138572,2.661e-05
1528207148517,2.66e-05
1528207158596,2.667e-05
1528207168846,2.668e-05
1528207178541,2.667e-05
1528207188532,2.681e-05
1528207198655,2.683e-05
1528207208597,2.671e-05
1528207218572,2.682e-05
1528207228578,2.65e-05
1528207238819,2.672e-05
1528207248642,2.655e-05
1528207258627,2.657e-05
1528207268657,2.658e-05
1528207279025,2.658e-05
1528207288550,2.656e-05
1528207298596,2.651e-05
1528207308534,2.652e-05
1528207318524,2.651e-05
1528207328625,2.653e-05
1528207338531,2.65e-05
1528207348673,2.654e-05
1528207358837,2.65e-05
1528207368584,2.651e-05
1528207378612,2.65e-05
1528207388519,2.653e-05
1528207398547,2.647e-05
1528207408801,2.645e-05
1528207418532,2.645e-05
1528207428512,2.646e-05
1528207438600,2.646e-05
1528207448558,2.646e-05
1528207458556,2.655e-05
1528207468607,2.654e-05
1528207478639,2.647e-05
1528207488936,2.648e-05
1528207498819,2.647e-05
1528207508562,2.649e-05
1528207518582,2.65e-05
1528207528666,2.651e-05
1528207538543,2.667e-05
1528207548703,2.656e-05
1528207558609,2.656e-05
1528207568714,2.654e-05
1528207578569,2.655e-05
1528207588560,2.653e-05
1528207598945,2.652e-05
1528207608586,2.653e-05
1528207618542,2.653e-05
1528207628654,2.653e-05
1528207638922,2.653e-05
1528207648572,2.664e-05
1528207658574,2.655e-05
1528207668577,2.663e-05
1528207678599,2.654e-05
1528207688603,2.655e-05
1528207698641,2.653e-05
1528207708729,2.646e-05
1528207718608,2.645e-05
1528207728589,2.64e-05
1528207738565,2.643e-05
1528207748584,2.637e-05
1528207758694,2.635e-05
1528207768708,2.636e-05
1528207778635,2.635e-05
1528207788722,2.626e-05
1528207798611,2.595e-05
1528207808961,2.598e-05
1528207818658,2.589e-05
1528207828584,2.595e-05
1528207838596,2.591e-05
1528207848648,2.609e-05
1528207859874,2.611e-05
1528207868650,2.613e-05
1528207878598,2.619e-05
1528207888634,2.624e-05
1528207898726,2.624e-05
1528207908767,2.625e-05
1528207918665,2.624e-05
1528207928588,2.623e-05
1528207938698,2.62e-05
1528207948610,2.62e-05
1528207958899,2.622e-05
1528207968616,2.621e-05
1528207978624,2.621e-05
1528207988599,2.622e-05
1528207999989,2.629e-05
1528208009624,2.629e-05
1528208018677,2.631e-05
1528208028629,2.634e-05
1528208038587,2.633e-05
1528208048709,2.643e-05
1528208058627,2.639e-05
1528208068604,2.633e-05
1528208078603,2.639e-05
1528208088645,2.638e-05
1528208098950,2.643e-05
1528208108696,2.636e-05
1528208118685,2.636e-05
1528208129372,2.637e-05
1528208138609,2.636e-05
1528208148549,2.628e-05
1528208158584,2.628e-05
1528208168586,2.631e-05
1528208178609,2.625e-05
1528208188635,2.63e-05
1528208198570,2.625e-05
1528208208587,2.626e-05
1528208218609,2.621e-05
1528208228605,2.621e-05
1528208238572,2.626e-05
1528208248624,2.625e-05
1528208258622,2.622e-05
1528208268619,2.621e-05
1528208278626,2.621e-05
1528208288640,2.622e-05
1528208298624,2.62e-05
1528208308666,2.62e-05
1528208318769,2.62e-05
1528208328580,2.614e-05
1528208338635,2.626e-05
1528208348563,2.615e-05
1528208358902,2.622e-05
1528208368639,2.617e-05
1528208378618,2.619e-05
1528208388670,2.615e-05
1528208398617,2.616e-05
1528208408594,2.616e-05
1528208418595,2.616e-05
1528208428660,2.616e-05
1528208438621,2.623e-05
1528208448629,2.615e-05
1528208458911,2.615e-05
1528208468669,2.616e-05
1528208478589,2.622e-05
1528208488850,2.616e-05
1528208498589,2.623e-05
1528208508663,2.623e-05
1528208518593,2.622e-05
1528208528600,2.623e-05
1528208538570,2.623e-05
1528208548622,2.618e-05
1528208558543,2.623e-05
1528208568680,2.623e-05
1528208579770,2.623e-05
1528208588592,2.623e-05
1528208598603,2.623e-05
1528208608602,2.623e-05
1528208618607,2.623e-05
1528208628686,2.619e-05
1528208638623,2.618e-05
1528208648596,2.615e-05
1528208658587,2.615e-05
1528208668608,2.615e-05
1528208678689,2.615e-05
1528208688633,2.614e-05
1528208698560,2.614e-05
1528208708568,2.615e-05
1528208719010,2.614e-05
1528208728571,2.614e-05
1528208738574,2.614e-05
1528208749833,2.614e-05
1528208758728,2.614e-05
1528208768720,2.613e-05
1528208778591,2.615e-05
1528208788659,2.615e-05
1528208798624,2.615e-05
1528208808661,2.615e-05
1528208818583,2.617e-05
1528208828551,2.617e-05
1528208838926,2.617e-05
1528208849089,2.622e-05
1528208858633,2.617e-05
1528208868558,2.622e-05
1528208878566,2.623e-05
1528208888635,2.622e-05
1528208898636,2.627e-05
1528208908612,2.624e-05
1528208918568,2.623e-05
1528208928640,2.65e-05
1528208938715,2.651e-05
1528208948845,2.66e-05
1528208958830,2.651e-05
1528208968638,2.662e-05
1528208978825,2.661e-05
1528208988551,2.675e-05
1528208998605,2.672e-05
1528209008630,2.68e-05
1528209018735,2.692e-05
1528209028781,2.685e-05
1528209039229,2.679e-05
1528209048939,2.68e-05
1528209058983,2.672e-05
1528209068572,2.67e-05
1528209079156,2.668e-05
1528209088754,2.661e-05
1528209098906,2.661e-05
1528209108648,2.668e-05
1528209118539,2.661e-05
1528209128551,2.661e-05
1528209138835,2.653e-05
1528209149659,2.647e-05
1528209158592,2.648e-05
1528209168678,2.641e-05
1528209178686,2.643e-05
1528209188590,2.643e-05
1528209198587,2.643e-05
1528209209425,2.651e-05
1528209218549,2.657e-05
1528209228728,2.651e-05
1528209238622,2.631e-05
1528209248643,2.65e-05
1528209258595,2.637e-05
1528209268547,2.634e-05
1528209278540,2.636e-05
1528209288574,2.636e-05
1528209298711,2.636e-05
1528209308549,2.637e-05
1528209319572,2.649e-05
1528209328839,2.648e-05
1528209338615,2.652e-05
1528209349535,2.657e-05
1528209358651,2.648e-05
1528209369042,2.65e-05
1528209378660,2.65e-05
1528209388645,2.65e-05
1528209399029,2.655e-05
1528209408618,2.65e-05
1528209418535,2.658e-05
1528209428676,2.658e-05
1528209438869,2.658e-05
1528209448722,2.652e-05
1528209458612,2.652e-05
1528209468618,2.651e-05
1528209479595,2.651e-05
1528209488685,2.651e-05
1528209498559,2.651e-05
1528209508674,2.651e-05
1528209518638,2.652e-05
1528209528587,2.65e-05
1528209538606,2.65e-05
1528209548586,2.648e-05
1528209558675,2.648e-05
1528209568974,2.65e-05
1528209578685,2.648e-05
1528209589720,2.65e-05
1528209598522,2.655e-05
1528209608566,2.655e-05
1528209618544,2.657e-05
1528209628944,2.657e-05
1528209638584,2.657e-05
1528209648615,2.66e-05
1528209658584,2.652e-05
1528209668591,2.651e-05
1528209678715,2.651e-05
1528209689675,2.652e-05
1528209698632,2.653e-05
1528209708612,2.648e-05
1528209718653,2.64e-05
1528209728545,2.644e-05
1528209738527,2.645e-05
1528209748917,2.645e-05
1528209759219,2.646e-05
1528209768525,2.645e-05
1528209778590,2.645e-05
1528209788621,2.646e-05
1528209798975,2.645e-05
1528209808589,2.645e-05
1528209818539,2.642e-05
1528209828610,2.642e-05
1528209838602,2.642e-05
1528209848615,2.642e-05
1528209858637,2.642e-05
1528209868544,2.636e-05
1528209878607,2.636e-05
1528209888539,2.642e-05
1528209898585,2.635e-05
1528209908526,2.634e-05
1528209918611,2.634e-05
1528209929013,2.633e-05
1528209938629,2.633e-05
1528209948539,2.632e-05
1528209958554,2.632e-05
1528209968603,2.634e-05
1528209978645,2.632e-05
1528209988760,2.635e-05
1528209998544,2.635e-05
1528210008533,2.631e-05
1528210018633,2.63e-05
1528210028593,2.629e-05
1528210038660,2.629e-05
1528210048560,2.628e-05
1528210058986,2.628e-05
1528210068551,2.63e-05
1528210078540,2.631e-05
1528210088732,2.629e-05
1528210098733,2.632e-05
1528210109081,2.629e-05
1528210118776,2.629e-05
1528210128616,2.629e-05
1528210138611,2.629e-05
1528210148538,2.628e-05
1528210159081,2.628e-05
1528210168528,2.628e-05
1528210178517,2.628e-05
1528210188659,2.628e-05
1528210198544,2.628e-05
1528210208556,2.627e-05
1528210218523,2.627e-05
1528210228576,2.627e-05
1528210238607,2.627e-05
1528210248600,2.628e-05
1528210258898,2.628e-05
1528210269291,2.628e-05
1528210278995,2.627e-05
1528210288899,2.627e-05
1528210298610,2.625e-05
1528210309007,2.6e-05
1528210318573,2.597e-05
1528210329070,2.596e-05
1528210338867,2.597e-05
1528210348642,2.592e-05
1528210359709,2.584e-05
1528210368641,2.589e-05
1528210378577,2.582e-05
1528210388593,2.581e-05
1528210398871,2.574e-05
1528210408586,2.574e-05
1528210418629,2.574e-05
1528210428681,2.585e-05
1528210438668,2.576e-05
1528210448574,2.57e-05
1528210458604,2.555e-05
1528210468601,2.564e-05
1528210479266,2.575e-05
1528210488647,2.581e-05
1528210498618,2.58e-05
1528210508638,2.578e-05
1528210520120,2.588e-05
1528210528607,2.591e-05
1528210538624,2.591e-05
1528210548596,2.59e-05
1528210558654,2.59e-05
1528210568619,2.59e-05
1528210579194,2.59e-05
1528210588721,2.59e-05
1528210598804,2.589e-05
1528210608686,2.582e-05
1528210619021,2.579e-05
1528210628919,2.578e-05
1528210638953,2.578e-05
1528210649122,2.575e-05
1528210658740,2.584e-05
1528210668699,2.584e-05
1528210678592,2.584e-05
1528210688687,2.585e-05
1528210698632,2.58e-05
1528210709332,2.576e-05
1528210718743,2.579e-05
1528210728823,2.584e-05
1528210738643,2.582e-05
1528210748581,2.59e-05
1528210759010,2.599e-05
1528210768572,2.597e-05
1528210779336,2.597e-05
1528210788643,2.597e-05
1528210798554,2.592e-05
1528210808608,2.59e-05
1528210818549,2.59e-05
1528210828579,2.591e-05
1528210839625,2.591e-05
1528210848581,2.584e-05
1528210858553,2.584e-05
1528210868604,2.584e-05
1528210879034,2.584e-05
1528210888587,2.584e-05
1528210898690,2.575e-05
1528210908845,2.569e-05
1528210918646,2.567e-05
1528210928650,2.56e-05
1528210938647,2.57e-05
1528210948601,2.561e-05
1528210959833,2.561e-05
1528210968909,2.555e-05
1528210978695,2.563e-05
1528210988949,2.566e-05
1528210999004,2.57e-05
1528211008980,2.566e-05
1528211018610,2.566e-05
1528211028580,2.57e-05
1528211038528,2.577e-05
1528211048950,2.578e-05
1528211058589,2.58e-05
1528211068543,2.578e-05
1528211078622,2.579e-05
1528211088545,2.582e-05
1528211098558,2.573e-05
1528211108587,2.573e-05
1528211118594,2.573e-05
1528211128588,2.573e-05
1528211138683,2.582e-05
1528211148710,2.583e-05
1528211158742,2.582e-05
1528211168588,2.572e-05
1528211178874,2.572e-05
1528211188574,2.572e-05
1528211198597,2.572e-05
1528211208602,2.581e-05
1528211218600,2.583e-05
1528211228617,2.585e-05
1528211238894,2.585e-05
1528211248625,2.585e-05
1528211258636,2.58e-05
1528211268563,2.577e-05
1528211278619,2.577e-05
1528211288597,2.583e-05
1528211298915,2.583e-05
1528211308575,2.589e-05
1528211318547,2.587e-05
1528211328661,2.587e-05
1528211338647,2.59e-05
1528211348727,2.587e-05
1528211358530,2.577e-05
1528211368842,2.59e-05
1528211378561,2.578e-05
1528211388609,2.586e-05
1528211398678,2.586e-05
1528211408627,2.586e-05
1528211418563,2.586e-05
1528211428526,2.582e-05
1528211438534,2.581e-05
1528211448571,2.581e-05
1528211458603,2.581e-05
1528211468539,2.582e-05
1528211478549,2.582e-05
1528211488554,2.583e-05
1528211498553,2.589e-05
1528211508558,2.598e-05
1528211518530,2.598e-05
1528211528584,2.597e-05
1528211538609,2.592e-05
1528211548568,2.599e-05
1528211558784,2.593e-05
1528211569571,2.599e-05
1528211578593,2.6e-05
1528211588551,2.601e-05
1528211598948,2.604e-05
1528211608576,2.601e-05
1528211618587,2.605e-05
1528211628546,2.605e-05
1528211638537,2.606e-05
1528211648527,2.606e-05
1528211658631,2.605e-05
1528211668627,2.606e-05
1528211679053,2.605e-05
1528211690539,2.6e-05
1528211698588,2.6e-05
1528211708602,2.604e-05
1528211718597,2.604e-05
1528211728580,2.604e-05
1528211739644,2.605e-05
1528211750775,2.604e-05
1528211759061,2.604e-05
1528211768666,2.605e-05
1528211779504,2.605e-05
1528211789173,2.6e-05
1528211798546,2.605e-05
1528211808530,2.59e-05
1528211818571,2.59e-05
1528211828525,2.588e-05
1528211838521,2.588e-05
1528211848556,2.588e-05
1528211858530,2.588e-05
1528211868528,2.588e-05
1528211878544,2.587e-05
1528211888560,2.587e-05
1528211899554,2.58e-05
1528211910677,2.58e-05
1528211918585,2.58e-05
1528211929549,2.576e-05
1528211938711,2.58e-05
1528211948598,2.587e-05
1528211958996,2.587e-05
1528211968567,2.588e-05
1528211978546,2.586e-05
1528211988987,2.586e-05
1528211998634,2.585e-05
1528212008566,2.59e-05
1528212018567,2.59e-05
1528212028522,2.576e-05
1528212038567,2.575e-05
1528212048525,2.576e-05
1528212058527,2.576e-05
1528212068539,2.576e-05
1528212078636,2.576e-05
1528212088548,2.576e-05
1528212098602,2.576e-05
1528212108538,2.56e-05
1528212118611,2.56e-05
1528212128526,2.561e-05
1528212138548,2.561e-05
1528212148554,2.568e-05
1528212158522,2.568e-05
1528212168602,2.57e-05
1528212179528,2.57e-05
1528212188564,2.576e-05
1528212198554,2.576e-05
1528212208526,2.576e-05
1528212219851,2.576e-05
1528212228528,2.576e-05
1528212238536,2.576e-05
1528212248551,2.568e-05
1528212258541,2.568e-05
1528212268711,2.576e-05
1528212278541,2.576e-05
1528212288553,2.576e-05
1528212298572,2.576e-05
1528212308766,2.57e-05
1528212318756,2.573e-05
1528212328550,2.573e-05
1528212338544,2.573e-05
1528212348551,2.582e-05
1528212358603,2.582e-05
1528212368555,2.58e-05
1528212378532,2.58e-05
1528212388527,2.58e-05
1528212398515,2.58e-05
1528212408544,2.58e-05
1528212418561,2.582e-05
1528212428542,2.582e-05
1528212438521,2.582e-05
1528212448669,2.58e-05
1528212458633,2.58e-05
1528212468542,2.582e-05
1528212478547,2.58e-05
1528212488531,2.58e-05
1528212498599,2.58e-05
1528212508554,2.571e-05
1528212518523,2.569e-05
1528212528531,2.569e-05
1528212538545,2.569e-05
1528212548640,2.569e-05
1528212558593,2.579e-05
1528212568524,2.57e-05
1528212578558,2.57e-05
1528212588529,2.569e-05
1528212598579,2.57e-05
1528212608589,2.57e-05
1528212618596,2.57e-05
1528212628543,2.57e-05
1528212638969,2.582e-05
1528212648511,2.574e-05
1528212658567,2.574e-05
1528212668539,2.574e-05
1528212678877,2.584e-05
1528212688533,2.574e-05
1528212698536,2.574e-05
1528212708529,2.574e-05
1528212718564,2.574e-05
1528212728756,2.575e-05
1528212738563,2.574e-05
1528212748535,2.574e-05
1528212758511,2.574e-05
1528212768601,2.58e-05
1528212778571,2.575e-05
1528212788512,2.575e-05
1528212798528,2.575e-05
1528212808819,2.575e-05
1528212818555,2.576e-05
1528212828540,2.576e-05
1528212838574,2.577e-05
1528212849808,2.577e-05
1528212858675,2.584e-05
1528212868550,2.577e-05
1528212878579,2.577e-05
1528212889120,2.577e-05
1528212898586,2.577e-05
1528212909540,2.584e-05
1528212918540,2.577e-05
1528212928529,2.577e-05
1528212938539,2.578e-05
1528212948509,2.578e-05
1528212958625,2.585e-05
1528212968946,2.582e-05
1528212978540,2.586e-05
1528212988532,2.59e-05
1528212998527,2.592e-05
1528213008561,2.595e-05
1528213018521,2.599e-05
1528213028530,2.61e-05
1528213038535,2.611e-05
1528213048532,2.608e-05
1528213058622,2.608e-05
1528213068567,2.614e-05
1528213078542,2.611e-05
1528213088520,2.596e-05
1528213098541,2.596e-05
1528213108576,2.596e-05
1528213118559,2.602e-05
1528213128526,2.601e-05
1528213138537,2.601e-05
1528213148560,2.607e-05
1528213158565,2.608e-05
1528213168584,2.605e-05
1528213178558,2.605e-05
1528213188546,2.605e-05
1528213198554,2.605e-05
1528213208567,2.605e-05
1528213218601,2.605e-05
1528213228553,2.605e-05
1528213238562,2.602e-05
1528213248576,2.602e-05
1528213258572,2.595e-05
1528213268618,2.595e-05
1528213278545,2.6e-05
1528213289856,2.605e-05
1528213298643,2.605e-05
1528213308564,2.605e-05
1528213318551,2.61e-05
1528213328553,2.611e-05
1528213338536,2.618e-05
1528213348522,2.63e-05
1528213358635,2.618e-05
1528213368558,2.62e-05
1528213378649,2.619e-05
1528213388555,2.619e-05
1528213398749,2.62e-05
1528213408530,2.619e-05
1528213418556,2.617e-05
1528213428581,2.618e-05
1528213438527,2.613e-05
1528213448529,2.611e-05
1528213458521,2.611e-05
1528213468588,2.598e-05
1528213478510,2.602e-05
1528213488531,2.602e-05
1528213498590,2.61e-05
1528213508528,2.605e-05
1528213518523,2.605e-05
1528213528703,2.605e-05
1528213538516,2.61e-05
1528213548554,2.61e-05
1528213558535,2.61e-05
1528213568531,2.61e-05
1528213578541,2.61e-05
1528213588568,2.606e-05
1528213598562,2.606e-05
1528213608606,2.607e-05
1528213618550,2.612e-05
1528213628516,2.612e-05
1528213638539,2.612e-05
1528213648522,2.613e-05
1528213658519,2.617e-05
1528213668529,2.619e-05
1528213678569,2.626e-05
1528213688531,2.625e-05
1528213698523,2.631e-05
1528213708548,2.626e-05
1528213718886,2.632e-05
1528213728557,2.632e-05
1528213738550,2.635e-05
1528213748800,2.636e-05
1528213758737,2.63e-05
1528213768549,2.635e-05
1528213778530,2.63e-05
1528213788616,2.63e-05
1528213798604,2.63e-05
1528213808543,2.643e-05
1528213818549,2.643e-05
1528213828603,2.627e-05
1528213838620,2.628e-05
1528213848572,2.628e-05
1528213858533,2.628e-05
1528213868587,2.635e-05
1528213878526,2.635e-05
1528213888843,2.635e-05
1528213898548,2.624e-05
1528213908600,2.624e-05
1528213918516,2.628e-05
1528213928535,2.621e-05
1528213938903,2.626e-05
1528213948579,2.626e-05
1528213958650,2.628e-05
1528213968581,2.622e-05
1528213978572,2.62e-05
1528213988700,2.615e-05
1528213998744,2.62e-05
1528214008635,2.62e-05
1528214018599,2.622e-05
1528214028535,2.622e-05
1528214038618,2.617e-05
1528214048918,2.63e-05
1528214058574,2.628e-05
1528214068629,2.621e-05
1528214078801,2.621e-05
1528214088625,2.621e-05
1528214099607,2.619e-05
1528214108541,2.619e-05
1528214119098,2.619e-05
1528214128569,2.621e-05
1528214138656,2.621e-05
1528214148797,2.621e-05
1528214158636,2.621e-05
1528214168597,2.614e-05
1528214178703,2.614e-05
1528214188622,2.601e-05
1528214198533,2.6e-05
1528214208588,2.595e-05
1528214218562,2.576e-05
1528214228615,2.579e-05
1528214238556,2.58e-05
1528214248800,2.583e-05
1528214258581,2.581e-05
1528214268792,2.582e-05
1528214278665,2.582e-05
1528214288565,2.582e-05
1528214299678,2.588e-05
1528214308560,2.588e-05
1528214318596,2.59e-05
1528214328569,2.59e-05
1528214338575,2.594e-05
1528214348610,2.597e-05
1528214358549,2.594e-05
1528214368573,2.594e-05
1528214378640,2.595e-05
1528214388596,2.595e-05
1528214399272,2.595e-05
1528214408665,2.601e-05
1528214418776,2.6e-05
1528214428676,2.607e-05
1528214438846,2.601e-05
1528214448659,2.63e-05
1528214458569,2.629e-05
1528214470843,2.63e-05
1528214479914,2.63e-05
1528214488690,2.645e-05
1528214498639,2.63e-05
1528214508589,2.645e-05
1528214518591,2.632e-05
1528214528700,2.637e-05
1528214538563,2.633e-05
1528214548575,2.636e-05
1528214558629,2.633e-05
1528214568721,2.633e-05
1528214578625,2.636e-05
1528214588560,2.638e-05
1528214598577,2.637e-05
1528214608881,2.638e-05
1528214618609,2.639e-05
1528214628660,2.634e-05
1528214638590,2.634e-05
1528214648615,2.634e-05
1528214658572,2.639e-05
1528214668584,2.639e-05
1528214678601,2.63e-05
1528214688578,2.63e-05
1528214698594,2.63e-05
1528214708847,2.659e-05
1528214718610,2.671e-05
1528214728562,2.671e-05
1528214738596,2.671e-05
1528214748785,2.657e-05
1528214758596,2.656e-05
1528214772096,2.656e-05
1528214778567,2.656e-05
1528214788674,2.656e-05
1528214798900,2.645e-05
1528214808585,2.649e-05
1528214818576,2.63e-05
1528214828623,2.633e-05
1528214838906,2.638e-05
1528214848582,2.633e-05
1528214858633,2.623e-05
1528214868586,2.623e-05
1528214878537,2.626e-05
1528214888568,2.625e-05
1528214898561,2.627e-05
1528214908580,2.63e-05
1528214918583,2.63e-05
1528214928579,2.63e-05
1528214938593,2.629e-05
1528214948566,2.63e-05
1528214958581,2.636e-05
1528214968897,2.644e-05
1528214978588,2.644e-05
1528214988585,2.643e-05
1528214998619,2.644e-05
1528215008592,2.64e-05
1528215018638,2.64e-05
1528215028574,2.643e-05
1528215038612,2.635e-05
1528215048547,2.635e-05
1528215058544,2.634e-05
1528215068573,2.633e-05
1528215078552,2.633e-05
1528215088562,2.63e-05
1528215098956,2.63e-05
1528215110445,2.629e-05
1528215118578,2.643e-05
1528215128567,2.633e-05
1528215138914,2.633e-05
1528215148559,2.633e-05
1528215158911,2.633e-05
1528215168590,2.633e-05
1528215178577,2.633e-05
1528215188582,2.633e-05
1528215198826,2.633e-05
1528215208525,2.63e-05
1528215218587,2.629e-05
1528215228565,2.629e-05
1528215238562,2.629e-05
1528215248572,2.63e-05
1528215258599,2.62e-05
1528215268533,2.622e-05
1528215278590,2.619e-05
1528215288868,2.616e-05
1528215298578,2.62e-05
1528215308552,2.615e-05
1528215318593,2.619e-05
1528215328842,2.619e-05
1528215338639,2.619e-05
1528215348666,2.619e-05
1528215358606,2.619e-05
1528215368624,2.62e-05
1528215378531,2.62e-05
1528215388551,2.62e-05
1528215398545,2.62e-05
1528215408539,2.618e-05
1528215418611,2.62e-05
1528215428623,2.62e-05
1528215438649,2.62e-05
1528215448587,2.62e-05
1528215458603,2.62e-05
1528215468542,2.62e-05
1528215478567,2.623e-05
1528215488616,2.623e-05
1528215498612,2.623e-05
1528215508530,2.62e-05
1528215518870,2.615e-05
1528215528517,2.616e-05
1528215538577,2.62e-05
1528215548636,2.62e-05
1528215558829,2.62e-05
1528215568560,2.62e-05
1528215578616,2.62e-05
1528215588570,2.62e-05
1528215598664,2.615e-05
1528215608587,2.615e-05
1528215618590,2.615e-05
1528215628602,2.62e-05
1528215639001,2.621e-05
1528215648585,2.621e-05
1528215658614,2.621e-05
1528215668613,2.621e-05
1528215678673,2.621e-05
1528215688951,2.615e-05
1528215698648,2.619e-05
1528215708674,2.616e-05
1528215718577,2.619e-05
1528215728633,2.605e-05
1528215738689,2.615e-05
1528215748561,2.61e-05
1528215758654,2.61e-05
1528215768583,2.607e-05
1528215778672,2.6e-05
1528215788703,2.6e-05
1528215798650,2.585e-05
1528215808573,2.6e-05
1528215818644,2.585e-05
1528215828617,2.599e-05
1528215838720,2.599e-05
1528215848616,2.589e-05
1528215858558,2.589e-05
1528215868604,2.598e-05
1528215878948,2.596e-05
1528215888570,2.596e-05
1528215898597,2.589e-05
1528215908574,2.588e-05
1528215918860,2.588e-05
1528215928568,2.588e-05
1528215938653,2.588e-05
1528215948661,2.594e-05
1528215958583,2.594e-05
1528215968702,2.592e-05
1528215978716,2.592e-05
1528215988581,2.592e-05
1528216000311,2.592e-05
1528216008535,2.592e-05
1528216018566,2.585e-05
1528216028634,2.585e-05
1528216038575,2.592e-05
1528216048976,2.592e-05
1528216058608,2.592e-05
1528216068665,2.585e-05
1528216078568,2.582e-05
1528216088642,2.584e-05
1528216098554,2.582e-05
1528216108526,2.582e-05
1528216118590,2.583e-05
1528216128571,2.583e-05
1528216138573,2.584e-05
1528216148578,2.584e-05
1528216158596,2.592e-05
1528216168647,2.599e-05
1528216178633,2.597e-05
1528216188618,2.597e-05
1528216198587,2.597e-05
1528216208568,2.597e-05
1528216218610,2.598e-05
1528216228668,2.597e-05
1528216238958,2.597e-05
1528216248597,2.597e-05
1528216258639,2.6e-05
1528216268554,2.6e-05
1528216279091,2.597e-05
1528216288595,2.599e-05
1528216298623,2.598e-05
1528216308561,2.599e-05
1528216318703,2.601e-05
1528216328569,2.602e-05
1528216338661,2.602e-05
1528216348562,2.602e-05
1528216358707,2.599e-05
1528216368570,2.599e-05
1528216378538,2.597e-05
1528216388594,2.598e-05
1528216398584,2.602e-05
1528216409119,2.6e-05
1528216418609,2.6e-05
1528216428583,2.601e-05
1528216438752,2.602e-05
1528216448693,2.602e-05
1528216458593,2.605e-05
1528216468703,2.609e-05
1528216478622,2.618e-05
1528216488555,2.605e-05
1528216498575,2.605e-05
1528216508598,2.605e-05
1528216518557,2.617e-05
1528216528552,2.618e-05
1528216538642,2.607e-05
1528216548811,2.605e-05
1528216558579,2.605e-05
1528216568575,2.605e-05
1528216578587,2.605e-05
1528216588551,2.605e-05
1528216598961,2.607e-05
1528216608561,2.607e-05
1528216618575,2.608e-05
1528216628545,2.613e-05
1528216639575,2.614e-05
1528216648587,2.618e-05
1528216658572,2.619e-05
1528216668591,2.619e-05
1528216678572,2.622e-05
1528216688587,2.62e-05
1528216698544,2.619e-05
1528216708614,2.619e-05
1528216718576,2.619e-05
1528216728640,2.619e-05
1528216738927,2.613e-05
1528216748636,2.614e-05
1528216758579,2.613e-05
1528216768746,2.608e-05
1528216778564,2.609e-05
1528216788546,2.609e-05
1528216798544,2.611e-05
1528216808654,2.609e-05
1528216818648,2.609e-05
1528216828798,2.608e-05
1528216838621,2.607e-05
1528216848726,2.609e-05
1528216858683,2.607e-05
1528216868684,2.607e-05
1528216878667,2.611e-05
1528216888607,2.611e-05
1528216899853,2.611e-05
1528216908617,2.611e-05
1528216918689,2.611e-05
1528216928934,2.611e-05
1528216938750,2.611e-05
1528216948833,2.609e-05
1528216958717,2.611e-05
1528216968768,2.611e-05
1528216978635,2.609e-05
1528216988841,2.609e-05
1528216999771,2.609e-05
1528217008798,2.609e-05
1528217018784,2.613e-05
1528217028697,2.613e-05
1528217038757,2.613e-05
1528217048716,2.613e-05
1528217058678,2.613e-05
1528217068799,2.613e-05
1528217078646,2.613e-05
1528217088690,2.613e-05
1528217098697,2.61e-05
1528217109086,2.61e-05
1528217118591,2.61e-05
1528217129947,2.613e-05
1528217138570,2.613e-05
1528217148525,2.618e-05
1528217158556,2.619e-05
1528217168702,2.619e-05
1528217178562,2.619e-05
1528217188568,2.619e-05
1528217198593,2.619e-05
1528217208575,2.612e-05
1528217218583,2.619e-05
1528217228623,2.619e-05
1528217238564,2.612e-05
1528217248574,2.612e-05
1528217259110,2.6e-05
1528217268548,2.608e-05
1528217278598,2.605e-05
1528217288600,2.605e-05
1528217298607,2.605e-05
1528217308546,2.605e-05
1528217318927,2.607e-05
1528217330571,2.608e-05
1528217338772,2.608e-05
1528217348554,2.607e-05
1528217359009,2.605e-05
1528217368663,2.602e-05
1528217378632,2.603e-05
1528217388618,2.603e-05
1528217398905,2.61e-05
1528217408657,2.61e-05
1528217418707,2.609e-05
1528217428785,2.609e-05
1528217438643,2.609e-05
1528217448788,2.609e-05
1528217458587,2.609e-05
1528217468603,2.602e-05
1528217478602,2.602e-05
1528217488872,2.603e-05
1528217498582,2.603e-05
1528217508609,2.602e-05
1528217518564,2.603e-05
1528217528612,2.603e-05
1528217538563,2.592e-05
1528217548581,2.599e-05
1528217558594,2.599e-05
1528217568562,2.598e-05
1528217578558,2.599e-05
1528217588595,2.603e-05
1528217598637,2.603e-05
1528217608919,2.603e-05
1528217618912,2.603e-05
1528217628589,2.603e-05
1528217638592,2.603e-05
1528217648551,2.603e-05
1528217658644,2.604e-05
1528217668874,2.604e-05
1528217678630,2.604e-05
1528217688680,2.6e-05
1528217698771,2.6e-05
1528217710537,2.599e-05
1528217718808,2.599e-05
1528217728606,2.595e-05
1528217738655,2.595e-05
1528217748839,2.591e-05
1528217758624,2.601e-05
1528217768575,2.596e-05
1528217778594,2.596e-05
1528217798563,2.602e-05
1528217808613,2.604e-05
1528217818667,2.598e-05
1528217829613,2.598e-05
1528217839033,2.604e-05
1528217848781,2.604e-05
1528217858634,2.604e-05
1528217868577,2.604e-05
1528217878644,2.602e-05
1528217888589,2.602e-05
1528217898617,2.603e-05
1528217908588,2.605e-05
1528217919568,2.608e-05
1528217928615,2.608e-05
1528217939212,2.608e-05
1528217948576,2.608e-05
1528217959948,2.608e-05
1528217968633,2.609e-05
1528217978549,2.609e-05
1528217988633,2.609e-05
1528217998550,2.612e-05
1528218008637,2.606e-05
1528218018621,2.606e-05
1528218028550,2.607e-05
1528218038904,2.607e-05
1528218048569,2.604e-05
1528218058577,2.606e-05
1528218068647,2.606e-05
1528218078894,2.609e-05
1528218088550,2.609e-05
1528218098612,2.609e-05
1528218108592,2.609e-05
1528218118560,2.615e-05
1528218128653,2.615e-05
1528218138587,2.615e-05
1528218148676,2.615e-05
1528218158583,2.608e-05
1528218168586,2.608e-05
1528218178621,2.615e-05
1528218188669,2.615e-05
1528218198644,2.615e-05
1528218208989,2.615e-05
1528218218578,2.615e-05
1528218228641,2.615e-05
1528218238907,2.614e-05
1528218248700,2.614e-05
1528218258585,2.614e-05
1528218268608,2.608e-05
1528218278647,2.608e-05
1528218288593,2.613e-05
1528218298642,2.613e-05
1528218309697,2.613e-05
1528218318658,2.613e-05
1528218328605,2.612e-05
1528218338572,2.612e-05
1528218348548,2.612e-05
1528218358616,2.616e-05
1528218368574,2.623e-05
1528218378585,2.619e-05
1528218388595,2.619e-05
1528218398831,2.623e-05
1528218408621,2.619e-05
1528218418557,2.62e-05
1528218429632,2.62e-05
1528218438826,2.62e-05
1528218448639,2.619e-05
1528218459011,2.614e-05
1528218468640,2.614e-05
1528218478592,2.614e-05
1528218488595,2.614e-05
1528218498592,2.623e-05
1528218508633,2.613e-05
1528218518684,2.613e-05
1528218528620,2.627e-05
1528218538658,2.619e-05
1528218548611,2.619e-05
1528218558608,2.619e-05
1528218568967,2.619e-05
1528218578776,2.628e-05
1528218588744,2.626e-05
1528218598741,2.63e-05
1528218608595,2.62e-05
1528218618610,2.619e-05
1528218628563,2.621e-05
1528218638604,2.621e-05
1528218648576,2.621e-05
1528218658620,2.621e-05
1528218668664,2.621e-05
1528218678606,2.627e-05
1528218688595,2.627e-05
1528218698598,2.627e-05
1528218708966,2.627e-05
1528218718948,2.63e-05
1528218728589,2.631e-05
1528218738587,2.634e-05
1528218748606,2.631e-05
1528218759144,2.631e-05
1528218768756,2.631e-05
1528218778897,2.631e-05
1528218788598,2.629e-05
1528218798926,2.629e-05
1528218808676,2.639e-05
1528218818641,2.639e-05
1528218828598,2.64e-05
1528218838638,2.648e-05
1528218848572,2.648e-05
1528218858627,2.648e-05
1528218868616,2.638e-05
1528218878628,2.638e-05
1528218888563,2.638e-05
1528218898557,2.638e-05
1528218908888,2.645e-05
1528218918553,2.638e-05
1528218928933,2.645e-05
1528218938661,2.634e-05
1528218948603,2.63e-05
1528218958652,2.63e-05
1528218968620,2.63e-05
1528218978646,2.629e-05
1528218991843,2.624e-05
1528218999892,2.62e-05
1528219009178,2.616e-05
1528219019131,2.616e-05
1528219028643,2.616e-05
1528219039098,2.617e-05
1528219048933,2.63e-05
1528219059109,2.616e-05
1528219069213,2.616e-05
1528219078816,2.617e-05
1528219088831,2.617e-05
1528219098899,2.617e-05
1528219109994,2.617e-05
1528219119263,2.617e-05
1528219128967,2.617e-05
1528219139033,2.617e-05
1528219148934,2.616e-05
1528219159154,2.616e-05
1528219168886,2.616e-05
1528219178967,2.616e-05
1528219188978,2.613e-05
1528219199422,2.601e-05
1528219208917,2.598e-05
1528219218972,2.592e-05
1528219228977,2.592e-05
1528219238976,2.59e-05
1528219249050,2.597e-05
1528219260266,2.593e-05
1528219269355,2.598e-05
1528219279032,2.585e-05
1528219289783,2.586e-05
1528219299006,2.601e-05
1528219309071,2.587e-05
1528219319074,2.585e-05
1528219329636,2.586e-05
1528219338845,2.587e-05
1528219348977,2.59e-05
1528219358968,2.59e-05
1528219368904,2.59e-05
1528219379100,2.59e-05
1528219388993,2.595e-05
1528219399022,2.595e-05
1528219408964,2.594e-05
1528219418867,2.601e-05
1528219429814,2.601e-05
1528219439002,2.601e-05
1528219450031,2.597e-05
1528219459123,2.599e-05
1528219469196,2.599e-05
1528219479093,2.586e-05
1528219489012,2.586e-05
1528219499077,2.588e-05
1528219509037,2.599e-05
1528219519161,2.591e-05
1528219529573,2.591e-05
1528219540974,2.591e-05
1528219548674,2.591e-05
1528219559248,2.593e-05
1528219569242,2.6e-05
1528219581188,2.601e-05
1528219589296,2.601e-05
1528219603231,2.601e-05
1528219609229,2.6e-05
1528219620635,2.599e-05
1528219628880,2.6e-05
1528219638612,2.6e-05
1528219649100,2.6e-05
1528219658739,2.6e-05
1528219668624,2.6e-05
1528219678678,2.594e-05
1528219688613,2.595e-05
1528219698620,2.599e-05
1528219708728,2.599e-05
1528219718654,2.599e-05
1528219728761,2.599e-05
1528219738677,2.6e-05
1528219748676,2.599e-05
1528219758676,2.586e-05
1528219768583,2.6e-05
1528219779400,2.585e-05
1528219788692,2.586e-05
1528219798723,2.593e-05
1528219808719,2.593e-05
1528219818821,2.595e-05
1528219828752,2.599e-05
1528219838915,2.6e-05
1528219848708,2.6e-05
1528219858815,2.601e-05
1528219868664,2.601e-05
1528219878999,2.601e-05
1528219888619,2.589e-05
1528219898844,2.589e-05
1528219908727,2.589e-05
1528219918628,2.603e-05
1528219928771,2.604e-05
1528219938857,2.603e-05
1528219949108,2.603e-05
1528219958589,2.6e-05
1528219968628,2.6e-05
1528219979670,2.596e-05
1528219988808,2.596e-05
1528219998780,2.599e-05
1528220009203,2.599e-05
1528220018746,2.599e-05
1528220028586,2.588e-05
1528220038622,2.588e-05
1528220048812,2.588e-05
1528220058647,2.588e-05
1528220068861,2.588e-05
1528220078947,2.598e-05
1528220088637,2.598e-05
1528220098741,2.598e-05
1528220108648,2.589e-05
1528220118618,2.589e-05
1528220128608,2.589e-05
1528220138630,2.595e-05
1528220149164,2.586e-05
1528220158653,2.586e-05
1528220168864,2.582e-05
1528220178817,2.582e-05
1528220188859,2.589e-05
1528220198857,2.589e-05
1528220208620,2.589e-05
1528220218654,2.589e-05
1528220228652,2.589e-05
1528220238938,2.589e-05
1528220248626,2.589e-05
1528220258669,2.589e-05
1528220268610,2.595e-05
1528220279679,2.582e-05
1528220288875,2.593e-05
1528220299142,2.593e-05
1528220308784,2.582e-05
1528220318674,2.582e-05
1528220328766,2.582e-05
1528220338810,2.593e-05
1528220348828,2.593e-05
1528220358671,2.593e-05
1528220369082,2.593e-05
1528220378973,2.588e-05
1528220389022,2.588e-05
1528220398812,2.59e-05
1528220408927,2.59e-05
1528220418711,2.59e-05
1528220428683,2.594e-05
1528220438999,2.594e-05
1528220448711,2.594e-05
1528220458662,2.598e-05
1528220468739,2.594e-05
1528220478787,2.59e-05
1528220488740,2.59e-05
1528220500102,2.597e-05
1528220508674,2.596e-05
1528220518672,2.596e-05
1528220528790,2.596e-05
1528220538636,2.598e-05
1528220548800,2.6e-05
1528220558763,2.6e-05
1528220568661,2.6e-05
1528220578754,2.6e-05
1528220588670,2.6e-05
1528220599308,2.6e-05
1528220611263,2.603e-05
1528220618732,2.602e-05
1528220628627,2.601e-05
1528220638740,2.601e-05
1528220648997,2.606e-05
1528220658641,2.601e-05
1528220669052,2.606e-05
1528220678859,2.608e-05
1528220688760,2.602e-05
1528220698718,2.602e-05
1528220708688,2.603e-05
1528220718681,2.606e-05
1528220728675,2.606e-05
1528220738816,2.606e-05
1528220748929,2.606e-05
1528220759045,2.606e-05
1528220769263,2.606e-05
1528220778788,2.606e-05
1528220788654,2.606e-05
1528220798670,2.606e-05
1528220808925,2.606e-05
1528220819040,2.606e-05
1528220828883,2.606e-05
1528220838758,2.606e-05
1528220850151,2.6e-05
1528220859045,2.6e-05
1528220868758,2.606e-05
1528220879034,2.6e-05
1528220889243,2.596e-05
1528220898905,2.6e-05
1528220909153,2.6e-05
1528220918686,2.6e-05
1528220929187,2.6e-05
1528220938720,2.591e-05
1528220948689,2.591e-05
1528220958898,2.591e-05
1528220969285,2.591e-05
1528220979029,2.591e-05
1528220988790,2.584e-05
1528220998681,2.583e-05
1528221008705,2.589e-05
1528221018757,2.582e-05
1528221028622,2.582e-05
1528221038656,2.58e-05
1528221048715,2.583e-05
1528221058694,2.582e-05
1528221068622,2.58e-05
1528221078668,2.577e-05
1528221088640,2.577e-05
1528221098704,2.58e-05
1528221108615,2.58e-05
1528221118689,2.574e-05
1528221128845,2.578e-05
1528221138641,2.577e-05
1528221148640,2.577e-05
1528221158771,2.577e-05
1528221168626,2.577e-05
1528221178671,2.577e-05
1528221188681,2.581e-05
1528221198602,2.581e-05
1528221208605,2.581e-05
1528221219332,2.581e-05
1528221228633,2.581e-05
1528221238621,2.581e-05
1528221248689,2.581e-05
1528221258724,2.581e-05
1528221268590,2.581e-05
1528221278625,2.581e-05
1528221288623,2.581e-05
1528221299073,2.581e-05
1528221308688,2.581e-05
1528221318935,2.577e-05
1528221328609,2.577e-05
1528221338676,2.583e-05
1528221349060,2.57e-05
1528221358635,2.57e-05
1528221368789,2.57e-05
1528221378846,2.57e-05
1528221388678,2.57e-05
1528221398659,2.566e-05
1528221408668,2.566e-05
1528221418725,2.565e-05
1528221428783,2.565e-05
1528221438652,2.565e-05
1528221448952,2.573e-05
1528221458790,2.573e-05
1528221468643,2.58e-05
1528221478643,2.58e-05
1528221488673,2.573e-05
1528221498708,2.573e-05
1528221508675,2.573e-05
1528221518668,2.573e-05
1528221528795,2.581e-05
1528221538894,2.581e-05
1528221548972,2.581e-05
1528221558669,2.581e-05
1528221568917,2.581e-05
1528221578902,2.581e-05
1528221588709,2.583e-05
1528221598668,2.583e-05
1528221609033,2.583e-05
1528221618689,2.577e-05
1528221629192,2.577e-05
1528221638808,2.584e-05
1528221648715,2.578e-05
1528221659046,2.578e-05
1528221668681,2.57e-05
1528221679024,2.578e-05
1528221688744,2.579e-05
1528221698920,2.579e-05
1528221708663,2.579e-05
1528221718632,2.579e-05
1528221728830,2.579e-05
1528221738651,2.579e-05
1528221748628,2.59e-05
1528221758828,2.59e-05
1528221768823,2.59e-05
1528221778655,2.59e-05
1528221788653,2.6e-05
1528221798651,2.606e-05
1528221808999,2.606e-05
1528221818668,2.622e-05
1528221828731,2.621e-05
1528221838675,2.621e-05
1528221848830,2.61e-05
1528221858666,2.61e-05
1528221868639,2.61e-05
1528221878652,2.604e-05
1528221888632,2.604e-05
1528221898707,2.604e-05
1528221908646,2.619e-05
1528221918714,2.613e-05
1528221929219,2.619e-05
1528221939113,2.619e-05
1528221948744,2.622e-05
1528221958649,2.618e-05
1528221968753,2.641e-05
1528221978662,2.64e-05
1528221989007,2.628e-05
1528221998868,2.622e-05
1528222008676,2.627e-05
1528222018732,2.622e-05
1528222028953,2.621e-05
1528222039333,2.616e-05
1528222048625,2.616e-05
1528222058664,2.614e-05
1528222068727,2.624e-05
1528222078715,2.624e-05
1528222089969,2.624e-05
1528222099001,2.624e-05
1528222108685,2.615e-05
1528222119107,2.615e-05
1528222129015,2.615e-05
1528222139004,2.615e-05
1528222148737,2.615e-05
1528222158574,2.619e-05
1528222169094,2.625e-05
1528222178648,2.619e-05
1528222188641,2.622e-05
1528222198627,2.619e-05
1528222208586,2.619e-05
1528222218558,2.624e-05
1528222228536,2.623e-05
1528222238583,2.623e-05
1528222248544,2.631e-05
1528222258547,2.637e-05
1528222268555,2.637e-05
1528222278686,2.637e-05
1528222288626,2.627e-05
1528222298847,2.627e-05
1528222308661,2.626e-05
1528222318606,2.631e-05
1528222330181,2.631e-05
1528222338731,2.636e-05
1528222349013,2.63e-05
1528222358638,2.631e-05
1528222368623,2.63e-05
1528222378640,2.639e-05
1528222388634,2.647e-05
1528222398769,2.646e-05
1528222408837,2.65e-05
1528222418652,2.64e-05
1528222428597,2.638e-05
1528222438806,2.645e-05
1528222448694,2.638e-05
1528222458642,2.638e-05
1528222468631,2.626e-05
1528222478640,2.626e-05
1528222489649,2.618e-05
1528222498656,2.612e-05
1528222509074,2.623e-05
1528222519093,2.632e-05
1528222529080,2.635e-05
1528222538595,2.632e-05
1528222548609,2.636e-05
1528222558603,2.626e-05
1528222568702,2.617e-05
1528222578594,2.617e-05
1528222588573,2.617e-05
1528222598610,2.626e-05
1528222608644,2.626e-05
1528222618752,2.632e-05
1528222628616,2.618e-05
1528222638635,2.62e-05
1528222648624,2.62e-05
1528222658614,2.62e-05
1528222668584,2.62e-05
1528222678573,2.618e-05
1528222688593,2.617e-05
1528222698655,2.617e-05
1528222708560,2.62e-05
1528222718888,2.62e-05
1528222728556,2.62e-05
1528222739551,2.62e-05
1528222748610,2.614e-05
1528222758900,2.62e-05
1528222768550,2.611e-05
1528222779547,2.612e-05
1528222788566,2.612e-05
1528222798566,2.608e-05
1528222808564,2.61e-05
1528222818568,2.61e-05
1528222828850,2.63e-05
1528222839575,2.616e-05
1528222848563,2.616e-05
1528222858586,2.616e-05
1528222868612,2.616e-05
1528222878726,2.616e-05
1528222888895,2.616e-05
1528222898710,2.617e-05
1528222908653,2.617e-05
1528222918646,2.613e-05
1528222928897,2.635e-05
1528222939128,2.637e-05
1528222948929,2.637e-05
1528222958717,2.619e-05
1528222968632,2.634e-05
1528222978605,2.622e-05
1528222988619,2.622e-05
1528222998596,2.634e-05
1528223008633,2.633e-05
1528223018672,2.623e-05
1528223028688,2.623e-05
1528223038641,2.62e-05
1528223048982,2.62e-05
1528223058620,2.623e-05
1528223068565,2.623e-05
1528223079005,2.623e-05
1528223088628,2.623e-05
1528223098554,2.633e-05
1528223108608,2.633e-05
1528223118909,2.62e-05
1528223128586,2.62e-05
1528223138625,2.62e-05
1528223148597,2.62e-05
1528223158624,2.616e-05
1528223168596,2.617e-05
1528223178605,2.617e-05
1528223188607,2.617e-05
1528223198614,2.617e-05
1528223209866,2.619e-05
1528223218607,2.619e-05
1528223228705,2.606e-05
1528223238790,2.601e-05
1528223248857,2.6e-05
1528223258623,2.593e-05
1528223268614,2.596e-05
1528223278768,2.596e-05
1528223288671,2.596e-05
1528223299253,2.596e-05
1528223308632,2.588e-05
1528223318659,2.588e-05
1528223328588,2.588e-05
1528223338669,2.588e-05
1528223348825,2.589e-05
1528223358644,2.589e-05
1528223368637,2.598e-05
1528223378574,2.6e-05
1528223388602,2.603e-05
1528223398559,2.605e-05
1528223408830,2.585e-05
1528223418652,2.594e-05
1528223428668,2.586e-05
1528223438873,2.589e-05
1528223448650,2.597e-05
1528223458608,2.598e-05
1528223468630,2.598e-05
1528223479754,2.598e-05
1528223488780,2.598e-05
1528223498604,2.598e-05
1528223508726,2.598e-05
1528223518648,2.6e-05
1528223528608,2.597e-05
1528223538601,2.6e-05
1528223548586,2.597e-05
1528223558632,2.6e-05
1528223568666,2.6e-05
1528223578613,2.6e-05
1528223598854,2.6e-05
1528223608994,2.609e-05
1528223618616,2.609e-05
1528223628631,2.615e-05
1528223638636,2.612e-05
1528223648665,2.605e-05
1528223658672,2.605e-05
1528223668572,2.605e-05
1528223678659,2.605e-05
1528223689771,2.605e-05
1528223698583,2.605e-05
1528223708655,2.605e-05
1528223718641,2.605e-05
1528223728635,2.607e-05
1528223738695,2.605e-05
1528223748648,2.605e-05
1528223758646,2.605e-05
1528223768657,2.605e-05
1528223778681,2.605e-05
1528223788594,2.605e-05
1528223798950,2.62e-05
1528223808657,2.62e-05
1528223819470,2.626e-05
1528223828685,2.625e-05
1528223838931,2.62e-05
1528223848641,2.623e-05
1528223858751,2.625e-05
1528223868784,2.619e-05
1528223878599,2.619e-05
1528223888917,2.618e-05
1528223898572,2.615e-05
1528223908595,2.615e-05
1528223918594,2.615e-05
1528223928582,2.615e-05
1528223938593,2.61e-05
1528223948551,2.61e-05
1528223958590,2.61e-05
1528223968977,2.605e-05
1528223978683,2.605e-05
1528223988694,2.605e-05
1528223998703,2.604e-05
1528224008686,2.603e-05
1528224018606,2.601e-05
1528224028617,2.601e-05
1528224038860,2.6e-05
1528224048585,2.591e-05
1528224058590,2.591e-05
1528224070052,2.591e-05
1528224078720,2.591e-05
1528224088741,2.591e-05
1528224098935,2.59e-05
1528224108630,2.59e-05
1528224118740,2.59e-05
1528224128927,2.589e-05
1528224139134,2.588e-05
1528224148701,2.586e-05
1528224158683,2.586e-05
1528224168722,2.586e-05
1528224179788,2.598e-05
1528224189645,2.594e-05
1528224199279,2.598e-05
1528224208705,2.587e-05
1528224218667,2.587e-05
1528224228763,2.598e-05
1528224238703,2.598e-05
1528224248745,2.598e-05
1528224258700,2.598e-05
1528224268681,2.598e-05
1528224279378,2.598e-05
1528224288681,2.598e-05
1528224298658,2.598e-05
1528224310360,2.598e-05
1528224318679,2.59e-05
1528224329287,2.59e-05
1528224338729,2.59e-05
1528224348805,2.59e-05
1528224358682,2.588e-05
1528224368668,2.589e-05
1528224378695,2.589e-05
1528224389125,2.588e-05
1528224399134,2.589e-05
1528224408739,2.59e-05
1528224418597,2.587e-05
1528224428596,2.587e-05
1528224438607,2.585e-05
1528224448765,2.585e-05
1528224458737,2.585e-05
1528224468694,2.585e-05
1528224478720,2.585e-05
1528224488686,2.583e-05
1528224498790,2.583e-05
1528224510535,2.583e-05
1528224518996,2.583e-05
1528224529031,2.583e-05
1528224538828,2.583e-05
1528224549134,2.58e-05
1528224559118,2.592e-05
1528224568988,2.58e-05
1528224579908,2.58e-05
1528224588781,2.58e-05
1528224598658,2.58e-05
1528224608731,2.58e-05
1528224618682,2.58e-05
1528224628653,2.58e-05
1528224638715,2.59e-05
1528224649011,2.597e-05
1528224658883,2.59e-05
1528224668762,2.59e-05
1528224678765,2.597e-05
1528224689566,2.597e-05
1528224699790,2.597e-05
1528224709887,2.597e-05
1528224718775,2.597e-05
1528224728729,2.597e-05
1528224738857,2.597e-05
1528224748742,2.581e-05
1528224758720,2.58e-05
1528224768704,2.58e-05
1528224778699,2.58e-05
1528224788737,2.58e-05
1528224798668,2.581e-05
1528224808691,2.579e-05
1528224819442,2.578e-05
1528224828760,2.58e-05
1528224838740,2.581e-05
1528224848659,2.58e-05
1528224858662,2.58e-05
1528224868651,2.578e-05
1528224878667,2.581e-05
1528224888657,2.58e-05
1528224898766,2.581e-05
1528224908670,2.581e-05
1528224918872,2.581e-05
1528224928712,2.577e-05
1528224938701,2.577e-05
1528224948844,2.576e-05
1528224959218,2.58e-05
1528224968828,2.58e-05
1528224978645,2.573e-05
1528224988704,2.573e-05
1528224998701,2.575e-05
1528225008856,2.57e-05
1528225018938,2.57e-05
1528225028757,2.57e-05
1528225038631,2.571e-05
1528225049031,2.571e-05
1528225058741,2.574e-05
1528225069242,2.573e-05
1528225078909,2.575e-05
1528225088679,2.575e-05
1528225099283,2.575e-05
1528225108965,2.58e-05
1528225118748,2.576e-05
1528225128731,2.576e-05
1528225138618,2.578e-05
1528225148849,2.579e-05
1528225158721,2.575e-05
1528225168707,2.59e-05
1528225178715,2.59e-05
1528225188618,2.59e-05
1528225198969,2.581e-05
1528225208626,2.579e-05
1528225218656,2.58e-05
1528225228655,2.58e-05
1528225238705,2.579e-05
1528225248715,2.579e-05
1528225258674,2.579e-05
1528225268837,2.579e-05
1528225278975,2.58e-05
1528225288631,2.58e-05
1528225298611,2.58e-05
1528225308624,2.58e-05
1528225318712,2.58e-05
1528225328818,2.58e-05
1528225338695,2.58e-05
1528225348709,2.58e-05
1528225358763,2.58e-05
1528225368617,2.582e-05
1528225378721,2.593e-05
1528225388599,2.581e-05
1528225398559,2.581e-05
1528225408937,2.581e-05
1528225418613,2.581e-05
1528225428597,2.581e-05
1528225438633,2.593e-05
1528225449113,2.593e-05
1528225458789,2.593e-05
1528225469841,2.593e-05
1528225478738,2.591e-05
1528225488752,2.591e-05
1528225498745,2.591e-05
1528225508939,2.595e-05
1528225518669,2.595e-05
1528225528690,2.595e-05
1528225539240,2.595e-05
1528225548787,2.589e-05
1528225558650,2.595e-05
1528225568715,2.595e-05
1528225578716,2.596e-05
1528225588696,2.596e-05
1528225600002,2.596e-05
1528225608723,2.596e-05
1528225618739,2.588e-05
1528225628679,2.598e-05
1528225638963,2.588e-05
1528225648635,2.588e-05
1528225658680,2.597e-05
1528225668722,2.59e-05
1528225678695,2.59e-05
1528225688573,2.59e-05
1528225698651,2.59e-05
1528225708660,2.596e-05
1528225718630,2.596e-05
1528225728634,2.596e-05
1528225738596,2.596e-05
1528225748597,2.596e-05
1528225758679,2.596e-05
1528225768869,2.599e-05
1528225778590,2.599e-05
1528225788584,2.599e-05
1528225798642,2.599e-05
1528225808662,2.599e-05
1528225818633,2.599e-05
1528225828716,2.592e-05
1528225838720,2.592e-05
1528225848642,2.592e-05
1528225858696,2.592e-05
1528225868742,2.592e-05
1528225878628,2.592e-05
1528225889748,2.592e-05
1528225898727,2.595e-05
1528225909101,2.599e-05
1528225919625,2.599e-05
1528225928697,2.599e-05
1528225938663,2.595e-05
1528225948685,2.595e-05
1528225958684,2.595e-05
1528225968766,2.586e-05
1528225978776,2.585e-05
1528225988618,2.585e-05
1528225999475,2.585e-05
1528226008603,2.586e-05
1528226018607,2.586e-05
1528226028568,2.6e-05
1528226038581,2.6e-05
1528226048568,2.6e-05
1528226058588,2.595e-05
1528226068602,2.595e-05
1528226078629,2.598e-05
1528226088590,2.599e-05
1528226098854,2.6e-05
1528226110379,2.6e-05
1528226118751,2.6e-05
1528226129121,2.6e-05
1528226138761,2.609e-05
1528226149130,2.614e-05
1528226158630,2.614e-05
1528226168680,2.616e-05
1528226178740,2.615e-05
1528226193255,2.616e-05
1528226198634,2.616e-05
1528226209836,2.61e-05
1528226218692,2.618e-05
1528226228818,2.618e-05
1528226238825,2.618e-05
1528226248774,2.608e-05
1528226258678,2.608e-05
1528226268605,2.608e-05
1528226278645,2.608e-05
1528226288704,2.608e-05
1528226298728,2.608e-05
1528226309169,2.617e-05
1528226319049,2.617e-05
1528226328653,2.606e-05
1528226338790,2.619e-05
1528226348666,2.609e-05
1528226359165,2.617e-05
1528226368700,2.617e-05
1528226378685,2.617e-05
1528226388628,2.613e-05
1528226398721,2.619e-05
1528226408754,2.614e-05
1528226418658,2.614e-05
1528226428760,2.614e-05
1528226438765,2.619e-05
1528226448792,2.619e-05
1528226458660,2.619e-05
1528226468701,2.619e-05
1528226478681,2.614e-05
1528226490075,2.612e-05
1528226498707,2.611e-05
1528226508643,2.61e-05
1528226518726,2.606e-05
1528226528708,2.606e-05
1528226538641,2.606e-05
1528226548903,2.606e-05
1528226558673,2.606e-05
1528226568852,2.614e-05
1528226578592,2.614e-05
1528226588588,2.618e-05
1528226598589,2.62e-05
1528226608856,2.62e-05
1528226620264,2.62e-05
1528226628671,2.615e-05
1528226638740,2.62e-05
1528226648663,2.616e-05
1528226658643,2.624e-05
1528226668654,2.62e-05
1528226678762,2.624e-05
1528226688962,2.617e-05
1528226698903,2.617e-05
1528226708903,2.618e-05
1528226719250,2.61e-05
1528226728640,2.622e-05
1528226738688,2.612e-05
1528226748609,2.621e-05
1528226758634,2.621e-05
1528226768718,2.618e-05
1528226778670,2.618e-05
1528226790553,2.618e-05
1528226798909,2.618e-05
1528226808956,2.618e-05
1528226818626,2.618e-05
1528226828624,2.611e-05
1528226838817,2.611e-05
1528226849056,2.611e-05
1528226858634,2.611e-05
1528226868785,2.611e-05
1528226878643,2.611e-05
1528226888626,2.609e-05
1528226898796,2.609e-05
1528226908624,2.609e-05
1528226918702,2.609e-05
1528226928625,2.609e-05
1528226938608,2.609e-05
1528226949864,2.605e-05
1528226959324,2.612e-05
1528226968618,2.612e-05
1528226978659,2.612e-05
1528226988793,2.613e-05
1528226999165,2.614e-05
1528227008790,2.614e-05
1528227018644,2.61e-05
1528227028682,2.622e-05
1528227039834,2.621e-05
1528227048681,2.621e-05
1528227058745,2.621e-05
1528227068777,2.609e-05
1528227079226,2.62e-05
1528227088965,2.619e-05
1538889735303,6.65e-06
1538889744861,6.65e-06
1538889832424,6.65e-06
1538889841167,6.65e-06
